X.ID,X.MAT,XCOO,YCOO,XCOO_km,YCOO_km,X.FOREST,DAY,X.WEATHER,ALT,X.ASP,X.GRVEG,X.FLITHO,Ag_ppb,As_ash,B,Ba,Ca,Cd,Co,Cr,Cu,Fe,Hg_ppb,K,La,LOI,Mg,Mn,Mo,Ni,P,Pb,S,Sb,Sr,Ti,Zn
101,BIL,578741,6708487,578.741,6708.487,SPRBIR,6,NICE,218,W,GRAS,MICSH,5,0.06,17,182.4,11500,0.38,0.35,0.9,6.57,40,24,9100,0.04,94.8,3980,657,0.04,1.5,1790,0.37,1500,0.03,41.8,7,122.2
102,BIL,582865,6706649,582.865,6706.649,SPRBIR,6,NICE,431,W,GRAS,GNEIS_R,6,0.08,23,216.8,11400,0.6,0.59,0.8,6.64,50,17,11100,0.04,94.7,3650,1669,0.04,2.9,2490,0.39,1700,0.03,30.4,11,297
103,BIL,581155,6720326,581.155,6720.326,SPRBIR,7,RAIN,430,FLAT,GRMO,GNEIS_R,5,0.08,19,123.2,9900,0.61,0.39,0.8,5.14,50,16,9700,0.05,95.2,3120,2584,0.07,2.2,2490,0.68,1300,0.02,29.5,10,192
104,BIL,580482,6711512,580.482,6711.512,SPRBIR,7,MOIST,475,FLAT,GRMO,GNEIS_R,3,0.09,33,83.1,10400,0.52,0.49,0.8,4.91,40,16,7300,0.03,95.5,4140,2444,0.04,1.7,2670,0.43,1300,0.02,22.9,11,274.3
105,BIL,584618,6701621,584.618,6701.621,SPRUCE,8,MOIST,410,FLAT,MOSS,GNEIS_R,3,0.08,17,93.7,9500,0.2,1,1,6.17,70,17,9900,0.05,95.2,5200,769,0.03,3.7,2040,0.38,1800,0.03,34.1,9,99.4
106,BIL,581453,6698513,581.453,6698.513,BIRSPR,8,NICE,296,W,GRAS,CAMSED,4,0.09,26,219.2,11800,0.38,0.47,1,6.09,60,19,9200,0.04,95,4590,900,0.03,9.1,2030,0.27,1800,0.02,27.8,8,188
107,BIL,579850,6695899,579.85,6695.899,SPRBIR,9,NICE,220,FLAT,GRAS,CAMSED,4,0.07,32,172.2,9500,0.21,0.45,0.9,6.71,70,15,9900,0.02,95.1,4180,844,0.02,8.4,2980,0.29,2600,0.02,25.1,12,199.5
108,BIL,581636,6694137,581.636,6694.137,SPRBIR,9,NICE,325,N,GRMO,CAMSED,5,0.06,30,347.8,11500,0.31,0.66,1,5.58,70,14,10000,0.03,94.8,5130,792,0.04,9.5,3040,0.25,2300,0.02,39.2,12,173.9
109,BIL,585167,6692022,585.167,6692.022,MIXDEC,10,NICE,390,E,GRFE,CAMSED,7,0.12,31,385.4,15400,0.53,0.36,1,5.79,80,20,12200,0.07,93.9,4610,733,0.1,5.6,2060,0.3,2200,0.02,40.7,9,151.5
111,BIL,582095,6688877,582.095,6688.877,MIXDEC,10,NICE,480,S,GRAS,CAMSED,3,0.15,30,92.9,18800,0.43,0.24,1.1,4.74,120,20,11300,0.08,93.2,3540,601,0.06,3.5,1730,0.37,2000,0.02,75.7,7,94.3
112,BIL,580702,6686100,580.702,6686.1,SPRBIR,11,CLOUD,296,N,GRMO,CAMSED,2,0.05,24,104.1,10600,0.32,0.56,1,6.23,80,18,8600,0.03,95.3,4010,1712,0.05,3.5,1830,0.32,2300,0.02,28,8,225.2
113,BIL,583087,6684132,583.087,6684.132,MIXDEC,11,CLOUD,360,N,GRAS,CAMSED,5,0.07,38,180.7,12000,0.33,0.23,1.2,7.16,70,16,9800,0.03,95,4840,526,0.06,5.3,2490,0.29,2900,0.02,45,10,177.5
114,BIL,589716,6679640,589.716,6679.64,SPRUCE,11,CLOUD,500,NW,BLUE,MAGM,3,0.03,30,73.4,9300,0.36,0.8,1,6.95,50,11,8500,0.03,95.7,3710,1960,0.09,5.1,3230,0.44,2400,0.02,37.7,12,193.7
115,BIL,586913,6675154,586.913,6675.154,BIRSPR,12,NICE,500,E,BLUE,MAGM,4,0.05,29,151.4,12200,0.85,0.27,0.9,5.62,60,14,7700,0.04,94.7,3020,4888,0.17,1.9,3440,0.48,2100,0.03,101,14,304.5
116,BIL,584623,6677522,584.623,6677.522,BIRSPR,12,NICE,556,FLAT,BLUE,MAGM,3,0.03,20,51,7800,0.34,0.29,0.9,4.62,60,14,6600,0.03,96.4,2220,2448,0.07,2.3,1710,0.38,1800,0.02,24.9,8,205.5
117,BIL,589418,6680992,589.418,6680.992,SPRPIN,12,NICE,500,NW,BLUE,MAGM,5,0.01,36,110.8,10600,0.89,1.13,0.9,6.22,50,17,8800,0.09,95,3480,3136,0.33,10.3,2010,0.4,2300,0.02,30.1,8,330.2
118,BIL,588861,6672243,588.861,6672.243,SPRUCE,13,RAIN,522,NW,BLGR,MAGM,5,0.02,27,67.3,9100,0.64,1.22,0.8,5.79,90,22,8200,0.05,95.5,3380,4253,0.12,2.4,1670,0.61,1900,0.03,41.8,8,271.4
119,BIL,591885,6668839,591.885,6668.839,SPRBIR,13,RAIN,504,S,GRAS,MAGM,5,0.04,25,223.5,11200,1.26,0.3,0.8,6.75,60,15,8000,0.37,95.1,3570,3343,0.42,5.2,2200,0.62,2100,0.03,40.5,10,554.3
121,BIL,592250,6664455,592.25,6664.455,SPRBIR,14,MOIST,400,N,MOGR,MAGM,4,0.04,25,71.3,9800,0.63,0.39,0.8,4.86,70,18,6900,0.03,95.6,3860,2012,0.06,0.8,2640,0.64,1600,0.03,46.9,11,289.4
122,BIL,593299,6660953,593.299,6660.953,SPRBIR,14,NICE,340,S,BLUE,MAGM,3,0.03,22,96.1,9300,0.62,0.62,0.8,4.84,60,18,9900,0.65,95.1,2670,3256,0.13,5.7,3320,0.66,1500,0.04,40.9,14,318.3
123,BIL,593328,6657946,593.328,6657.946,SPRBIR,15,CLOUD,420,NW,BLLY,MAGM,4,0.01,16,23.8,7400,0.35,0.06,0.8,5.57,70,15,7800,0.04,96.4,2520,2263,0.08,0.9,1490,0.82,1700,0.04,15.6,7,182.3
124,BIL,595140,6656129,595.14,6656.129,BIRSPR,15,MOIST,290,SW,MOGR,MAGM,6,0.01,30,98.3,9700,1.24,0.2,0.8,5.93,70,13,7500,0.07,95.4,3200,4377,0.13,1.2,2070,0.76,1800,0.04,35.3,10,447.4
125,BIL,598010,6652619,598.01,6652.619,SPRUCE,16,NICE,205,SE,MIX,MAGM,10,0.01,22,58.7,9800,0.61,0.19,1.1,7,90,24,9500,0.1,95.1,3100,2991,0.13,3,1890,1.17,2400,0.07,24.9,9,477.8
126,BIL,597394,6653685,597.394,6653.685,SPRPIN,16,NICE,307,,BLUGRA,MAGM,6,0.01,28,89.2,7900,0.85,0.17,0.8,5.6,60,15,9700,0.16,95.8,1440,4000,0.1,3.4,2040,1.46,1600,0.06,29.2,9,484.9
127,BIL,592592,6645600,592.592,6645.6,SPRUCE,17,NICE,160,SE,GRAS,CAMSED,11,0.02,21,40.3,8800,1.47,0.49,0.9,5.26,50,15,6000,0.06,96.2,2460,1271,0.34,9.1,1440,7.2,1900,0.05,35.4,7,863.8
128,BIL,593200,6642327,593.2,6642.327,BIRSPR,17,NICE,30,FLAT,GRAS,CAMSED,5,0.06,30,170.2,11400,0.35,1.03,1,6.64,90,25,10700,0.11,94.7,4140,1304,0.07,7.2,1950,0.8,2200,0.08,45.4,10,272.4
129,BIL,597751,6649203,597.751,6649.203,SPRBIR,18,MOIST,235,NW,GRAS,CAMSED,5,0.02,34,40.9,9900,0.93,0.94,1,6.85,90,23,6800,0.06,95.3,3980,3404,0.17,4.4,1490,1.24,2400,0.07,21.9,8,432.4
131,BIL,597503,6650780,597.503,6650.78,SPRUCE,18,MOIST,187,E,GRMO,MAGM,5,0.01,27,60.9,8400,0.95,0.32,0.9,5.39,70,18,8100,0.07,95.6,2430,4428,0.15,2.1,2280,0.81,1500,0.05,22.2,10,306.1
132,BIL,602548,6646851,602.548,6646.851,SPRPIN,19,NICE,230,S,MIX,CAMSED,9,0.03,27,84.5,12200,0.58,0.7,1.1,6.7,90,19,8300,0.12,95.1,3120,1293,0.09,10.2,1220,1.32,2200,0.1,45.1,8,567.6
133,BIL,600209,6640474,600.209,6640.474,PINE,19,NICE,195,W,MOSS,GNEIS_O,6,0.04,39,61,12600,0.65,1.01,1,5.74,120,25,8500,0.08,95.1,4540,696,0.09,3.5,2310,1.17,2200,0.09,31.1,12,550.7
134,BIL,602583,6637390,602.583,6637.39,SPRBIR,20,NICE,110,NE,GRMO,GNEIS_O,7,0.06,23,66.5,9900,0.29,1.34,1.3,9.86,180,28,10200,0.31,94.9,4630,714,0.24,7.1,5070,0.71,2100,0.33,64.7,29,312.4
135,BIL,602264,6633965,602.264,6633.965,PINE,20,NICE,180,NE,MOSS,GNEIS_O,4,0.22,33,47.3,10000,0.33,0.8,0.8,5,80,20,7100,0.07,95.7,4290,1211,0.05,1.5,1660,0.67,1200,0.04,17.6,8,313.9
136,BIL,605115,6630922,605.115,6630.922,SPRUCE,21,MOIST,176,NE,GRMO,GNEIS_O,4,0.23,29,40.5,7800,0.35,1.93,0.8,6.64,90,19,9700,0.21,95.5,2990,2531,0.12,2.4,3130,0.63,1600,0.04,22,14,248.3
137,BIL,605674,6628925,605.674,6628.925,SPRPIN,22,CLOUD,194,S,GRMO,GNEID_O,6,0.28,30,34.7,8100,0.49,0.53,0.8,4.99,70,21,7300,0.11,95.8,3110,2867,0.06,2.1,2180,0.77,1200,0.04,20.2,10,281.3
138,BIL,608245,6625964,608.245,6625.964,SPRBIR,22,CLOUD,140,NW,GRAS,GNEIS_O,3,0.36,22,24.4,6100,0.24,0.73,0.9,5.89,50,15,6600,0.04,96.8,2710,2266,0.05,1.8,1720,0.42,1700,0.02,15.2,7,193.7
139,BIL,605175,6614207,605.175,6614.207,SPRUCE,23,CLOUD,120,E,BLMOLI,GNEIS_O,3,0.19,31,28.9,8500,0.45,0.44,0.9,6.45,80,18,8200,0.04,95.9,3650,2296,0.05,1.4,2210,0.53,2000,0.03,14.1,10,233.5
141,BIL,608279,6623043,608.279,6623.043,BIRSPR,23,CLOUD,175,W,GRBLU,GNEIS_O,4,0.15,35,51.4,11000,0.92,0.79,0.7,6.05,60,20,5800,0.04,95.5,3410,3854,0.06,2.6,1290,0.5,1600,0.03,16.3,6,324.5
142,BIL,609123,6618431,609.123,6618.431,PINE,24,NICE,180,SW,LYLI,GNEIS_O,4,0.24,29,28.7,7600,0.31,0.43,0.8,5.1,50,15,5700,0.02,96.5,3930,2447,0.05,1.9,2240,0.56,1600,0.03,13.7,10,273.7
143,BIL,612533,6609356,612.533,6609.356,SPRUCE,24,NICE,150,FLAT,GRBLU,GNEIS_O,5,0.29,33,34.1,8600,0.48,0.55,0.9,4.49,50,15,6200,0.03,96.2,3750,1445,0.09,2.3,2520,0.52,1600,0.03,22.4,11,212.5
144,BIL,607746,6603365,607.746,6603.365,SPRPIN,25,CLOUD,118,FLAT,MOGR,GNEIS_O,5,0.27,31,37.2,9400,0.54,0.76,0.9,5.34,80,20,6200,0.05,95.8,4470,1362,0.07,2.2,1730,0.9,1400,0.04,30.2,8,313.2
101,BBA,578741,6708487,578.741,6708.487,SPRBIR,6,NICE,218,W,GRAS,MICSH,5,0.28,2,10.8,400,0.1,0.04,1,4.29,10,6,400,0.01,99.8,250,399,0.01,0.2,180,0.21,500,0.01,2.5,1,47.8
102,BBA,582865,6706649,582.865,6706.649,SPRBIR,6,NICE,431,W,GRAS,GNEIS_R,10,0.17,3,25.8,800,0.16,0.08,0.9,5.9,30,13,500,0.02,99.7,230,511,0.01,0.4,210,0.63,600,0.03,3.9,2,91
103,BBA,581155,6720326,581.155,6720.326,SPRBIR,7,RAIN,430,FLAT,GRMO,GNEIS_R,27,0.31,4,20.1,900,0.29,0.06,0.9,5.47,20,17,200,0.01,99.8,140,440,0.06,0.2,190,0.66,500,0.02,4.2,1,78.1
104,BBA,580482,6711512,580.482,6711.512,SPRBIR,7,MOIST,475,FLAT,GRMO,GNEIS_R,14,0.35,3,15.7,900,0.16,0.07,0.9,4.64,10,8,300,0.01,99.7,180,418,0.03,0.3,170,0.87,500,0.01,3.6,1,71.4
105,BBA,584618,6701621,584.618,6701.621,SPRUCE,8,MOIST,410,FLAT,MOSS,GNEIS_R,17,0.4,4,36.2,1500,0.32,0.3,1.1,6.03,30,12,500,0.03,99.6,400,965,0.02,0.4,270,0.67,500,0.02,8.8,2,146.8
106,BBA,581453,6698513,581.453,6698.513,BIRSPR,8,NICE,296,W,GRAS,CAMSED,23,0.37,3,20.1,600,0.18,0.07,1,6.24,20,9,400,0.01,99.6,280,598,0.01,0.7,230,0.25,400,0.01,2.3,2,92.5
107,BBA,579850,6695899,579.85,6695.899,SPRBIR,9,NICE,220,FLAT,GRAS,CAMSED,9,0.25,3,15.9,900,0.11,0.04,1,5.86,30,11,500,0.02,99.6,190,192,0.01,0.6,230,0.34,500,0.01,4.1,2,62.2
108,BBA,581636,6694137,581.636,6694.137,SPRBIR,9,NICE,325,N,GRMO,CAMSED,14,0.12,3,25.1,600,0.18,0.1,0.9,5.81,20,11,300,0.02,99.6,330,826,0.01,1,230,0.44,400,0.01,3.9,2,82.5
109,BBA,585167,6692022,585.167,6692.022,MIXDEC,10,NICE,390,E,GRFE,CAMSED,11,0.18,3,55.9,900,0.18,0.07,0.9,4.9,40,12,300,0.05,99.6,250,246,0.02,1,210,0.59,300,0.01,3.5,2,60.7
111,BBA,582095,6688877,582.095,6688.877,MIXDEC,10,NICE,480,S,GRAS,CAMSED,13,0.32,3,9.9,800,0.18,0.05,0.9,5.82,20,14,300,0.03,99.7,210,319,0.01,0.5,220,0.47,300,0.01,5.3,2,48.1
112,BBA,580702,6686100,580.702,6686.1,SPRBIR,11,CLOUD,296,N,GRMO,CAMSED,9,0.42,2,8.6,400,0.11,0.04,0.8,4.53,10,5,200,0.01,99.7,180,687,0.01,0.2,180,0.25,400,0.01,2.5,1,67.9
113,BBA,583087,6684132,583.087,6684.132,MIXDEC,11,CLOUD,360,N,GRAS,CAMSED,9,0.29,3,12.9,400,0.11,0.03,0.9,5.29,20,15,300,0.02,99.8,140,283,0.01,0.4,170,0.61,400,0.01,2.6,2,54.9
114,BBA,589716,6679640,589.716,6679.64,SPRUCE,11,CLOUD,500,NW,BLUE,MAGM,15,0.15,3,9.1,500,0.19,0.09,0.9,5.1,20,7,400,0.02,99.7,140,598,0.02,0.2,240,0.65,500,0.01,3.3,2,65.7
115,BBA,586913,6675154,586.913,6675.154,BIRSPR,12,NICE,500,E,BLUE,MAGM,10,0.1,3,8.3,300,0.13,0.02,0.8,4.49,20,7,300,0.01,99.7,110,939,0.01,0.2,200,0.59,500,0.01,4.4,2,55.1
116,BBA,584623,6677522,584.623,6677.522,BIRSPR,12,NICE,556,FLAT,BLUE,MAGM,13,0.24,2,7.3,400,0.16,0.06,0.9,4.66,10,9,200,0.01,99.8,130,518,0.01,0.3,180,0.49,500,0.01,3.2,1,52.1
117,BBA,589418,6680992,589.418,6680.992,SPRPIN,12,NICE,500,NW,BLUE,MAGM,13,0.28,2,9.7,600,0.26,0.06,0.8,5.33,30,11,300,0.03,99.7,240,874,0.03,0.6,220,1,200,0.01,3,2,89.8
118,BBA,588861,6672243,588.861,6672.243,SPRUCE,13,RAIN,522,NW,BLGR,MAGM,16,0.18,2,8.4,400,0.12,0.1,0.9,5.1,10,10,200,0.01,99.8,100,499,0.02,0.3,160,0.79,300,0.01,3.9,1,51.1
119,BBA,591885,6668839,591.885,6668.839,SPRBIR,13,RAIN,504,S,GRAS,MAGM,18,0.15,2,17.4,500,0.25,0.04,0.8,5.48,30,11,300,0.06,99.7,220,825,0.03,0.5,220,1.2,300,0.01,3.2,3,106.3
121,BBA,592250,6664455,592.25,6664.455,SPRBIR,14,MOIST,400,N,MOGR,MAGM,13,0.17,2,8.7,500,0.21,0.07,0.7,5.04,10,9,200,0.01,99.7,170,701,0.01,0.2,180,0.77,300,0.01,3.9,1,75.8
122,BBA,593299,6660953,593.299,6660.953,SPRBIR,14,NICE,340,S,BLUE,MAGM,18,0.76,3,17.6,500,0.23,0.04,0.9,4.89,20,15,400,0.03,99.7,150,624,0.01,0.2,200,1.7,200,0.01,4.9,2,80
123,BBA,593328,6657946,593.328,6657.946,SPRBIR,15,CLOUD,420,NW,BLLY,MAGM,19,0.13,3,4.3,500,0.21,0.02,0.8,5.11,20,12,200,0.03,99.7,140,862,0.01,0.2,160,2.81,200,0.01,2.3,2,86.5
124,BBA,595140,6656129,595.14,6656.129,BIRSPR,15,MOIST,290,SW,MOGR,MAGM,17,0.18,2,19.6,700,0.22,0.06,0.9,5.46,80,26,300,0.32,99.6,190,422,0.04,0.5,170,5.75,300,0.02,5.9,6,91.8
125,BBA,598010,6652619,598.01,6652.619,SPRUCE,16,NICE,205,SE,MIX,MAGM,23,0.51,2,10.6,700,0.38,0.06,0.8,6.56,60,14,200,0.1,99.5,150,1358,0.04,0.5,220,3.3,200,0.03,3.2,5,171
126,BBA,597394,6653685,597.394,6653.685,SPRPIN,16,NICE,307,,BLUGRA,MAGM,9,0.34,4,10.2,400,0.23,0.05,0.8,5.01,40,18,600,0.08,99.3,120,2160,0.03,0.4,220,3.88,50,0.03,3.4,3,111.8
127,BBA,592592,6645600,592.592,6645.6,SPRUCE,17,NICE,160,SE,GRAS,CAMSED,15,0.15,4,8.3,900,0.23,0.08,0.8,5.59,50,19,400,0.07,99.5,240,497,0.03,0.5,220,2.23,100,0.03,5.7,5,180.4
128,BBA,593200,6642327,593.2,6642.327,BIRSPR,17,NICE,30,FLAT,GRAS,CAMSED,13,0.32,4,26.3,900,0.23,0.17,1,6.92,110,19,400,0.18,99.4,210,852,0.07,0.8,260,2.9,200,0.08,6.8,11,98.6
129,BBA,597751,6649203,597.751,6649.203,SPRBIR,18,MOIST,235,NW,GRAS,CAMSED,17,0.33,3,5.5,500,0.13,0.06,1,5.74,40,12,300,0.07,99.8,140,363,0.04,0.3,180,2.11,200,0.03,2.7,4,62.8
131,BBA,597503,6650780,597.503,6650.78,SPRUCE,18,MOIST,187,E,GRMO,MAGM,17,0.48,2,7.4,500,0.15,0.06,1,5.72,60,17,200,0.09,99.5,120,716,0.04,0.5,220,1.32,200,0.04,2.8,6,83
132,BBA,602548,6646851,602.548,6646.851,SPRPIN,19,NICE,230,S,MIX,CAMSED,21,0.39,4,12.1,1000,0.36,0.11,1,7.18,90,16,200,0.16,99.5,180,690,0.04,0.5,180,8.61,100,0.04,5.4,9,231.2
133,BBA,600209,6640474,600.209,6640.474,PINE,19,NICE,195,W,MOSS,GNEIS_O,15,0.28,3,15.7,1300,0.17,0.19,1,6.08,130,21,300,0.18,99.5,220,487,0.05,0.5,200,8.25,300,0.05,5.5,11,148.6
134,BBA,602583,6637390,602.583,6637.39,SPRBIR,20,NICE,110,NE,GRMO,GNEIS_O,15,0.16,3,13.7,1300,0.11,0.26,1.1,7.39,200,15,300,0.37,99.2,310,482,0.1,0.6,230,4.98,100,0.09,7.6,27,92.1
135,BBA,602264,6633965,602.264,6633.965,PINE,20,NICE,180,NE,MOSS,GNEIS_O,15,0.23,2,5.8,400,0.23,0.13,1,5.61,70,17,200,0.13,99.6,180,784,0.03,0.4,220,1.95,200,0.03,2.4,7,113.7
136,BBA,605115,6630922,605.115,6630.922,SPRUCE,21,MOIST,176,NE,GRMO,GNEIS_O,13,0.56,3,6.9,400,0.08,0.09,0.8,4.89,30,16,200,0.05,99.8,130,461,0.02,0.4,190,1.03,200,0.02,4,3,48.3
137,BBA,605674,6628925,605.674,6628.925,SPRPIN,22,CLOUD,194,S,GRMO,GNEID_O,10,0.25,3,5.4,400,0.12,0.05,0.8,4.32,20,14,100,0.02,99.8,120,379,0.01,0.2,170,0.93,100,0.01,2.3,2,67.8
138,BBA,608245,6625964,608.245,6625.964,SPRBIR,22,CLOUD,140,NW,GRAS,GNEIS_O,11,0.2,3,6.2,300,0.2,0.07,0.9,4.76,20,5,200,0.02,99.7,140,988,0.01,0.3,190,0.57,200,0.01,2.6,2,54.8
139,BBA,605175,6614207,605.175,6614.207,SPRUCE,23,CLOUD,120,E,BLMOLI,GNEIS_O,14,0.15,2,7.4,600,0.17,0.12,1,5.4,80,19,400,0.12,99.5,220,1098,0.05,0.5,320,1.83,400,0.04,3.9,7,72.1
141,BBA,608279,6623043,608.279,6623.043,BIRSPR,23,CLOUD,175,W,GRBLU,GNEIS_O,9,0.24,3,7.6,600,0.14,0.1,0.8,5,20,10,200,0.02,99.7,120,963,0.01,0.2,180,0.84,200,0.01,2.5,2,69.7
142,BBA,609123,6618431,609.123,6618.431,PINE,24,NICE,180,SW,LYLI,GNEIS_O,12,0.24,2,4.6,300,0.11,0.05,0.8,4.64,20,8,200,0.02,99.7,170,694,0.01,0.3,180,0.84,200,0.01,2.6,2,67.1
143,BBA,612533,6609356,612.533,6609.356,SPRUCE,24,NICE,150,FLAT,GRBLU,GNEIS_O,11,0.22,3,5.4,500,0.24,0.05,0.8,4.74,20,9,100,0.02,99.7,160,1226,0.01,0.2,210,1.35,200,0.01,3.1,2,102.4
144,BBA,607746,6603365,607.746,6603.365,SPRPIN,25,CLOUD,118,FLAT,MOGR,GNEIS_O,12,0.19,3,4.8,400,0.15,0.08,0.8,5.26,10,12,100,0.01,99.8,140,521,0.01,0.2,150,1.18,200,0.01,3.6,1,100.1
101,BWO,578741,6708487,578.741,6708.487,SPRBIR,6,NICE,218,W,GRAS,MICSH,11,0.09,2,26.2,1100,0.18,0.03,1.2,1.58,10,1,600,0.005,99.5,280,26,0.02,0.2,210,0.3,200,0.01,5.6,1,18
102,BWO,582865,6706649,582.865,6706.649,SPRBIR,6,NICE,431,W,GRAS,GNEIS_R,13,0.1,2,39.4,1100,0.23,0.14,1.1,1.62,10,4,700,0.005,99.6,300,87,0.005,0.1,210,0.34,300,0.01,4.7,1,45.4
103,BWO,581155,6720326,581.155,6720.326,SPRBIR,7,RAIN,430,FLAT,GRMO,GNEIS_R,22,0.18,2,26.4,900,0.2,0.15,1.3,1.32,10,1,700,0.02,99.6,300,189,0.01,0.1,200,1.38,200,0.01,4.7,1,40.9
104,BWO,580482,6711512,580.482,6711.512,SPRBIR,7,MOIST,475,FLAT,GRMO,GNEIS_R,8,0.15,3,16,1000,0.19,0.15,2,1.75,10,1,700,0.005,99.6,360,162,0.05,0.1,200,0.73,300,0.01,3.2,1,44.4
105,BWO,584618,6701621,584.618,6701.621,SPRUCE,8,MOIST,410,FLAT,MOSS,GNEIS_R,14,0.16,2,20.7,700,0.08,0.22,1.1,1.54,10,1,600,0.005,99.7,320,33,0.01,0.1,140,0.73,200,0.01,5,1,19.2
106,BWO,581453,6698513,581.453,6698.513,BIRSPR,8,NICE,296,W,GRAS,CAMSED,12,0.1,3,41.3,1100,0.16,0.13,1.2,1.83,10,2,700,0.01,99.6,310,58,0.005,0.2,260,0.21,200,0.01,4,1,33.5
107,BWO,579850,6695899,579.85,6695.899,SPRBIR,9,NICE,220,FLAT,GRAS,CAMSED,11,0.2,2,35.4,900,0.12,0.07,1.3,2.17,10,2,900,0.005,99.6,380,63,0.005,0.3,430,0.16,200,0.01,4,2,40.2
108,BWO,581636,6694137,581.636,6694.137,SPRBIR,9,NICE,325,N,GRMO,CAMSED,12,0.05,2,43.4,700,0.12,0.08,0.8,1.56,5,2,700,0.005,99.7,220,46,0.01,0.2,240,0.21,50,0.01,4,1,28.8
109,BWO,585167,6692022,585.167,6692.022,MIXDEC,10,NICE,390,E,GRFE,CAMSED,27,0.03,2,73.3,1000,0.18,0.12,1,1.41,10,4,600,0.01,99.6,230,33,0.02,0.2,160,0.25,50,0.01,5,1,21.3
111,BWO,582095,6688877,582.095,6688.877,MIXDEC,10,NICE,480,S,GRAS,CAMSED,8,0.06,3,8.5,1100,0.12,0.06,1.1,1.78,10,1,700,0.01,99.6,210,31,0.01,0.3,190,0.27,50,0.01,9.3,1,22.3
112,BWO,580702,6686100,580.702,6686.1,SPRBIR,11,CLOUD,296,N,GRMO,CAMSED,7,0.1,3,21.1,900,0.16,0.12,1.1,1.67,10,2,900,0.005,99.6,260,95,0.01,0.1,230,0.43,100,0.01,5.1,1,36.2
113,BWO,583087,6684132,583.087,6684.132,MIXDEC,11,CLOUD,360,N,GRAS,CAMSED,24,0.06,2,25.5,800,0.19,0.03,1.1,1.97,10,3,700,0.005,99.7,260,40,0.01,0.1,250,0.17,200,0.01,5.3,1,31.3
114,BWO,589716,6679640,589.716,6679.64,SPRUCE,11,CLOUD,500,NW,BLUE,MAGM,16,0.03,2,17.5,700,0.17,0.12,1,1.99,10,1,800,0.01,99.7,280,103,0.01,0.2,330,1.03,300,0.01,6.5,2,50.2
115,BWO,586913,6675154,586.913,6675.154,BIRSPR,12,NICE,500,E,BLUE,MAGM,9,0.04,2,19.9,800,0.26,0.06,1,1.7,10,3,600,0.005,99.7,200,196,0.005,0.1,250,2.35,300,0.01,11.1,1,44
116,BWO,584623,6677522,584.623,6677.522,BIRSPR,12,NICE,556,FLAT,BLUE,MAGM,6,0.01,3,12.9,600,0.19,0.1,0.9,1.27,10,3,700,0.005,99.7,200,156,0.005,0.1,190,1.42,200,0.01,4.6,1,35
117,BWO,589418,6680992,589.418,6680.992,SPRPIN,12,NICE,500,NW,BLUE,MAGM,17,0.04,2,18.4,700,0.25,0.1,1,1.65,10,2,800,0.03,99.7,220,141,0.03,0.2,250,0.5,300,0.01,4,1,42.9
118,BWO,588861,6672243,588.861,6672.243,SPRUCE,13,RAIN,522,NW,BLGR,MAGM,7,0.07,2,12.9,600,0.29,0.22,1.1,1.38,10,4,500,0.005,99.7,220,216,0.01,0.1,130,1.41,200,0.01,5.8,1,40
119,BWO,591885,6668839,591.885,6668.839,SPRBIR,13,RAIN,504,S,GRAS,MAGM,10,0.03,2,33.2,600,0.42,0.05,1,1.95,10,3,700,0.09,99.7,230,169,0.03,0.2,240,1.48,200,0.01,3.9,1,64.6
121,BWO,592250,6664455,592.25,6664.455,SPRBIR,14,MOIST,400,N,MOGR,MAGM,10,0.03,3,13.5,700,0.24,0.15,1.1,1.76,10,2,700,0.005,99.7,270,93,0.005,0.1,230,2.11,200,0.01,7.2,1,51.2
122,BWO,593299,6660953,593.299,6660.953,SPRBIR,14,NICE,340,S,BLUE,MAGM,9,0.01,2,18.1,700,0.26,0.09,1,1.37,10,1,600,0.28,99.7,230,189,0.04,0.2,180,1.85,50,0.01,5.6,1,40.1
123,BWO,593328,6657946,593.328,6657.946,SPRBIR,15,CLOUD,420,NW,BLLY,MAGM,6,0.02,2,7.5,700,0.24,0.01,1,1.28,10,3,600,0.01,99.7,230,245,0.01,0.1,160,2.58,200,0.01,3.2,1,49
124,BWO,595140,6656129,595.14,6656.129,BIRSPR,15,MOIST,290,SW,MOGR,MAGM,20,0.04,2,19.3,600,0.38,0.02,1,1.77,10,4,700,0.005,99.7,250,257,0.01,0.1,280,4.29,200,0.01,5.1,1,80.6
125,BWO,598010,6652619,598.01,6652.619,SPRUCE,16,NICE,205,SE,MIX,MAGM,16,0.05,3,14.1,900,0.27,0.04,1.1,1.42,10,2,600,0.03,99.6,230,239,0.03,0.1,160,4.31,200,0.01,4.7,1,82.6
126,BWO,597394,6653685,597.394,6653.685,SPRPIN,16,NICE,307,,BLUGRA,MAGM,11,0.02,3,22.4,900,0.43,0.06,1.6,1.5,20,3,700,0.06,98.9,210,408,0.05,0.2,200,6.88,200,0.01,5.3,1,88.5
127,BWO,592592,6645600,592.592,6645.6,SPRUCE,17,NICE,160,SE,GRAS,CAMSED,30,0.02,4,8.9,800,0.77,0.16,0.9,1.43,10,2,800,0.02,99.6,230,97,0.12,0.4,230,52.21,100,0.01,5.9,1,165.4
128,BWO,593200,6642327,593.2,6642.327,BIRSPR,17,NICE,30,FLAT,GRAS,CAMSED,12,0.01,2,25.4,800,0.12,0.07,1,1.14,10,3,700,0.01,99.7,260,65,0.01,0.1,180,2.59,50,0.01,5.9,1,28.2
129,BWO,597751,6649203,597.751,6649.203,SPRBIR,18,MOIST,235,NW,GRAS,CAMSED,13,0.01,2,8.6,600,0.26,0.14,1,1.38,10,3,600,0.01,99.7,220,154,0.01,0.1,200,7.15,100,0.01,3.4,1,61.8
131,BWO,597503,6650780,597.503,6650.78,SPRUCE,18,MOIST,187,E,GRMO,MAGM,10,0.03,3,14.6,600,0.29,0.07,1,1.51,10,1,600,0.01,99.7,210,298,0.02,0.2,210,5.1,100,0.01,3.9,1,56.2
132,BWO,602548,6646851,602.548,6646.851,SPRPIN,19,NICE,230,S,MIX,CAMSED,23,0.01,3,15.7,1100,0.22,0.21,1,1.72,10,3,500,0.02,99.6,240,104,0.01,0.2,140,3.98,100,0.01,7.4,1,81.1
133,BWO,600209,6640474,600.209,6640.474,PINE,19,NICE,195,W,MOSS,GNEIS_O,11,0.02,2,9.9,900,0.19,0.16,1.2,1.12,10,2,600,0.005,99.7,260,45,0.01,0.1,140,5.52,300,0.01,4.3,1,63.8
134,BWO,602583,6637390,602.583,6637.39,SPRBIR,20,NICE,110,NE,GRMO,GNEIS_O,19,0.03,3,15.1,1100,0.15,0.37,1,2.11,10,2,700,0.07,99.6,330,71,0.03,0.2,350,0.93,300,0.01,11.2,2,55.9
135,BWO,602264,6633965,602.264,6633.965,PINE,20,NICE,180,NE,MOSS,GNEIS_O,9,0.02,3,13.6,800,0.17,0.27,1.2,1.64,30,3,700,0.01,99.7,340,86,0.01,0.3,200,1.35,300,0.01,3.9,1,51.9
136,BWO,605115,6630922,605.115,6630.922,SPRUCE,21,MOIST,176,NE,GRMO,GNEIS_O,10,0.01,2,14,600,0.17,0.3,1.1,1.97,10,1,700,0.08,99.7,300,144,0.02,0.2,320,3.11,400,0.01,4.6,2,49.9
137,BWO,605674,6628925,605.674,6628.925,SPRPIN,22,CLOUD,194,S,GRMO,GNEID_O,16,0.03,2,12.9,600,0.21,0.15,1.3,1.39,10,5,500,0.07,99.7,280,182,0.02,0.1,180,2.46,300,0.01,4.6,1,44.2
138,BWO,608245,6625964,608.245,6625.964,SPRBIR,22,CLOUD,140,NW,GRAS,GNEIS_O,10,0.02,2,11.8,600,0.18,0.2,1.1,1.71,10,4,700,0.01,99.7,270,202,0.01,0.1,230,1.27,300,0.01,4.4,1,55.6
139,BWO,605175,6614207,605.175,6614.207,SPRUCE,23,CLOUD,120,E,BLMOLI,GNEIS_O,9,0.06,2,9.1,500,0.18,0.1,1.1,1.68,10,2,700,0.005,99.7,260,129,0.005,0.1,300,1.71,400,0.01,3.2,1,48.1
141,BWO,608279,6623043,608.279,6623.043,BIRSPR,23,CLOUD,175,W,GRBLU,GNEIS_O,NA,NA,NA,NA,NA,NA,NA,NA,NA,NA,NA,NA,NA,NA,NA,NA,NA,NA,NA,NA,NA,NA,NA,NA,NA
142,BWO,609123,6618431,609.123,6618.431,PINE,24,NICE,180,SW,LYLI,GNEIS_O,12,0.05,3,9.3,600,0.16,0.17,21.8,2.06,1100,2,600,0.005,99.7,280,168,0.13,0.5,220,7.42,100,0.01,3.2,1,53
143,BWO,612533,6609356,612.533,6609.356,SPRUCE,24,NICE,150,FLAT,GRBLU,GNEIS_O,12,0.02,2,10.3,700,0.27,0.17,1,1.39,10,3,700,0.005,99.7,280,107,0.01,0.2,210,2.43,100,0.01,4.3,1,43.6
144,BWO,607746,6603365,607.746,6603.365,SPRPIN,25,CLOUD,118,FLAT,MOGR,GNEIS_O,6,0.02,3,10.3,700,0.18,0.19,1.1,1.44,10,2,500,0.005,99.7,370,69,0.01,0.2,200,2.32,50,0.02,5.7,1,43.8
101,FER,578741,6708487,578.741,6708.487,SPRBIR,6,NICE,218,W,GRAS,MICSH,42,0.08,13,400.6,6000,0.08,0.31,1.3,6.36,60,39,13700,6.34,92.9,4150,207,0.09,0.4,1960,0.39,1800,1.2,66.9,7,21.3
102,FER,582865,6706649,582.865,6706.649,SPRBIR,6,NICE,431,W,GRAS,GNEIS_R,NA,NA,NA,NA,NA,NA,NA,NA,NA,NA,NA,NA,NA,NA,NA,NA,NA,NA,NA,NA,NA,NA,NA,NA,NA
103,FER,581155,6720326,581.155,6720.326,SPRBIR,7,RAIN,430,FLAT,GRMO,GNEIS_R,NA,NA,NA,NA,NA,NA,NA,NA,NA,NA,NA,NA,NA,NA,NA,NA,NA,NA,NA,NA,NA,NA,NA,NA,NA
104,FER,580482,6711512,580.482,6711.512,SPRBIR,7,MOIST,475,FLAT,GRMO,GNEIS_R,NA,NA,NA,NA,NA,NA,NA,NA,NA,NA,NA,NA,NA,NA,NA,NA,NA,NA,NA,NA,NA,NA,NA,NA,NA
105,FER,584618,6701621,584.618,6701.621,SPRUCE,8,MOIST,410,FLAT,MOSS,GNEIS_R,NA,NA,NA,NA,NA,NA,NA,NA,NA,NA,NA,NA,NA,NA,NA,NA,NA,NA,NA,NA,NA,NA,NA,NA,NA
106,FER,581453,6698513,581.453,6698.513,BIRSPR,8,NICE,296,W,GRAS,CAMSED,38,0.12,23,643.8,6200,0.06,0.12,1.5,4.42,60,27,17300,3,91.6,6060,146,0.02,1.4,1530,0.33,1800,0.02,37.5,5,28
107,FER,579850,6695899,579.85,6695.899,SPRBIR,9,NICE,220,FLAT,GRAS,CAMSED,21,0.16,16,562.4,5900,0.02,0.07,1.3,4.56,90,40,19400,4.5,92.3,3530,92,0.12,0.3,1610,0.25,1700,0.02,166.5,6,20.2
108,FER,581636,6694137,581.636,6694.137,SPRBIR,9,NICE,325,N,GRMO,CAMSED,49,0.17,17,559.7,4800,0.04,0.11,1.2,2.89,50,30,21100,7.56,90.9,3460,96,0.03,1.5,1120,0.23,1300,0.02,20.6,4,15.3
109,FER,585167,6692022,585.167,6692.022,MIXDEC,10,NICE,390,E,GRFE,CAMSED,30,0.07,16,628.5,5500,0.1,0.08,1.3,4.78,60,46,15400,7.28,91.9,6130,76,0.14,0.7,1610,0.25,1500,0.02,51,6,26.5
111,FER,582095,6688877,582.095,6688.877,MIXDEC,10,NICE,480,S,GRAS,CAMSED,19,0.08,16,455.7,5500,0.05,0.04,1.3,3.86,70,26,18400,11.38,91.8,5170,110,0.06,0.2,1290,0.41,1500,0.01,404.7,5,31.3
112,FER,580702,6686100,580.702,6686.1,SPRBIR,11,CLOUD,296,N,GRMO,CAMSED,15,0.11,17,560.8,5400,0.05,0.04,1.4,4.63,60,36,10300,6.79,93.4,6410,114,0.14,0.2,1210,0.47,1600,0.02,238.7,5,18.9
113,FER,583087,6684132,583.087,6684.132,MIXDEC,11,CLOUD,360,N,GRAS,CAMSED,15,0.19,24,476.8,6800,0.06,0.07,1.3,2.71,60,35,14400,8.86,91.5,5510,137,0.06,0.4,820,0.26,1200,0.02,72.3,4,23.8
114,FER,589716,6679640,589.716,6679.64,SPRUCE,11,CLOUD,500,NW,BLUE,MAGM,46,0.13,22,968.4,6000,0.03,0.51,1.2,3.14,70,39,16200,8.06,91,2520,279,0.31,0.7,1180,0.64,1100,0.03,97.3,5,26.4
115,FER,586913,6675154,586.913,6675.154,BIRSPR,12,NICE,500,E,BLUE,MAGM,16,0.05,12,441.3,5200,0.06,0.14,1.1,6.16,60,37,8500,6.24,94.5,3080,588,0.6,1.2,2100,0.39,1800,0.03,94.1,7,34.2
116,FER,584623,6677522,584.623,6677.522,BIRSPR,12,NICE,556,FLAT,BLUE,MAGM,48,0.06,17,571.6,7700,0.08,1.47,1.1,6.8,130,64,36300,21.31,86.9,6490,467,0.11,3.2,2560,0.61,1900,0.05,109.9,10,37.8
117,FER,589418,6680992,589.418,6680.992,SPRPIN,12,NICE,500,NW,BLUE,MAGM,36,0.05,18,625,4600,0.04,0.66,1.2,4.34,70,41,17100,10.35,91.8,4200,265,0.35,1.4,1420,0.34,1400,0.02,84.2,5,23.7
118,FER,588861,6672243,588.861,6672.243,SPRUCE,13,RAIN,522,NW,BLGR,MAGM,NA,NA,NA,NA,NA,NA,NA,NA,NA,NA,NA,NA,NA,NA,NA,NA,NA,NA,NA,NA,NA,NA,NA,NA,NA
119,FER,591885,6668839,591.885,6668.839,SPRBIR,13,RAIN,504,S,GRAS,MAGM,NA,NA,NA,NA,NA,NA,NA,NA,NA,NA,NA,NA,NA,NA,NA,NA,NA,NA,NA,NA,NA,NA,NA,NA,NA
121,FER,592250,6664455,592.25,6664.455,SPRBIR,14,MOIST,400,N,MOGR,MAGM,55,0.08,12,335,5100,0.06,0.13,1,5.05,60,47,10700,3.75,93.3,4930,320,0.41,0.3,2070,0.63,1500,0.04,70.2,8,24.6
122,FER,593299,6660953,593.299,6660.953,SPRBIR,14,NICE,340,S,BLUE,MAGM,35,0.06,16,881.4,8700,0.05,0.13,1.2,5.11,80,43,13400,3.74,91.2,4380,440,0.26,0.5,2290,1.01,1500,0.03,109.3,8,26.6
123,FER,593328,6657946,593.328,6657.946,SPRBIR,15,CLOUD,420,NW,BLLY,MAGM,70,0.06,14,512,7900,0.06,0.09,1.1,4.78,80,55,19900,8.32,91.8,3840,654,0.28,0.3,980,1.08,1200,0.06,257.4,4,35.5
124,FER,595140,6656129,595.14,6656.129,BIRSPR,15,MOIST,290,SW,MOGR,MAGM,47,0.07,15,625.3,7000,0.13,0.07,0.9,5.23,70,59,15600,6.86,92.8,3280,329,0.29,0.3,1230,0.78,1300,0.04,140.6,5,63.6
125,FER,598010,6652619,598.01,6652.619,SPRUCE,16,NICE,205,SE,MIX,MAGM,29,0.07,16,343.4,6200,0.05,0.07,1.1,4.6,60,42,17600,17.14,91.1,3890,222,0.15,0.4,1300,1.52,1300,0.05,74.2,5,46.2
126,FER,597394,6653685,597.394,6653.685,SPRPIN,16,NICE,307,,BLUGRA,MAGM,48,0.02,23,387.6,6200,0.04,0.16,0.8,4.27,50,36,15700,6.51,91.4,3480,687,0.19,0.7,1160,2.72,1100,0.05,39.8,5,35.8
127,FER,592592,6645600,592.592,6645.6,SPRUCE,17,NICE,160,SE,GRAS,CAMSED,NA,NA,NA,NA,NA,NA,NA,NA,NA,NA,NA,NA,NA,NA,NA,NA,NA,NA,NA,NA,NA,NA,NA,NA,NA
128,FER,593200,6642327,593.2,6642.327,BIRSPR,17,NICE,30,FLAT,GRAS,CAMSED,30,0.09,19,861.3,7300,0.1,0.54,1.1,5.23,100,58,30100,16.27,89,3360,138,0.09,1.7,1560,0.66,1000,0.08,87,7,31.2
129,FER,597751,6649203,597.751,6649.203,SPRBIR,18,MOIST,235,NW,GRAS,CAMSED,39,0.05,20,350.9,5400,0.06,1,1.1,4.08,70,53,10500,4.6,91.2,5460,270,0.17,2.3,880,1.3,800,0.05,64.2,4,84.2
131,FER,597503,6650780,597.503,6650.78,SPRUCE,18,MOIST,187,E,GRMO,MAGM,22,0.08,13,231.1,3600,0.04,0.18,1,5.15,90,66,18700,6.82,92.3,2210,288,0.34,0.9,1430,1.05,800,0.05,30.1,6,45.2
132,FER,602548,6646851,602.548,6646.851,SPRPIN,19,NICE,230,S,MIX,CAMSED,35,0.07,15,318.5,4500,0.06,0.39,1,3.73,70,39,18800,5.72,91,3100,163,0.14,2.4,860,1.08,900,0.06,45.1,4,74.7
133,FER,600209,6640474,600.209,6640.474,PINE,19,NICE,195,W,MOSS,GNEIS_O,28,0.15,24,278.3,5000,0.03,0.36,1.2,3.9,80,51,21600,5.55,89.4,3710,82,0.07,0.6,860,0.89,600,0.06,35.9,5,26.4
134,FER,602583,6637390,602.583,6637.39,SPRBIR,20,NICE,110,NE,GRMO,GNEIS_O,28,0.12,21,416.8,7300,0.09,1.84,1.3,6.04,200,56,41300,5.28,87.2,3190,368,0.23,1.2,890,0.97,700,0.28,71,12,63
135,FER,602264,6633965,602.264,6633.965,PINE,20,NICE,180,NE,MOSS,GNEIS_O,27,0.1,21,394.9,7000,0.02,0.37,1.1,5.83,100,53,17700,7.57,91.2,5080,20,0.11,0.6,1510,1.15,1200,0.04,55.8,7,25.8
136,FER,605115,6630922,605.115,6630.922,SPRUCE,21,MOIST,176,NE,GRMO,GNEIS_O,48,0.09,18,387.7,5400,0.06,0.17,1.1,4.43,100,45,20900,4.38,91.1,2660,121,0.11,0.8,1440,2.67,900,0.04,51,6,35.7
137,FER,605674,6628925,605.674,6628.925,SPRPIN,22,CLOUD,194,S,GRMO,GNEID_O,45,0.12,17,377.2,5100,0.09,0.58,1.1,4.87,90,47,17600,6.03,91,3380,104,0.12,1.5,1670,2.05,1100,0.03,60.9,7,23.7
138,FER,608245,6625964,608.245,6625.964,SPRBIR,22,CLOUD,140,NW,GRAS,GNEIS_O,17,0.05,13,205.4,5900,0.08,0.64,1,5.95,80,76,20200,6.72,91.2,2810,579,0.22,0.5,1270,0.5,1100,0.03,31.5,6,46
139,FER,605175,6614207,605.175,6614.207,SPRUCE,23,CLOUD,120,E,BLMOLI,GNEIS_O,33,0.14,14,285.3,5100,0.02,0.41,1,5.65,70,45,10000,7.05,92.4,4700,260,0.14,1.1,1680,0.66,1400,0.02,44.3,6,25.5
141,FER,608279,6623043,608.279,6623.043,BIRSPR,23,CLOUD,175,W,GRBLU,GNEIS_O,53,0.16,16,369.1,6000,0.06,0.09,1.2,4.99,60,37,9200,5.84,92.2,5600,239,0.1,0.3,1190,0.35,1400,0.02,140.2,4,19.8
142,FER,609123,6618431,609.123,6618.431,PINE,24,NICE,180,SW,LYLI,GNEIS_O,31,0.05,23,243.6,4200,0.04,0.48,0.8,5.51,70,54,14200,3.74,92.3,3810,255,0.12,1,1290,4.41,1000,0.05,33.4,5,24.3
143,FER,612533,6609356,612.533,6609.356,SPRUCE,24,NICE,150,FLAT,GRBLU,GNEIS_O,36,0.06,24,408.1,5200,0.09,0.44,0.8,5.63,80,50,17000,3.11,91.6,4040,164,0.08,0.4,1220,1.64,900,0.03,53.5,5,34.3
144,FER,607746,6603365,607.746,6603.365,SPRPIN,25,CLOUD,118,FLAT,MOGR,GNEIS_O,19,0.08,16,425.6,7000,0.04,3.91,0.8,6.21,60,47,14300,3.23,90.5,5020,613,0.08,1.3,1090,0.49,1300,0.04,89.6,4,33.8
101,ROG,578741,6708487,578.741,6708.487,SPRBIR,6,NICE,218,W,GRAS,MICSH,2,0.13,18,209.5,19400,0.08,0.14,1,7.85,60,24,15800,0.11,92,4740,555,0.31,1.2,1490,0.43,900,0.04,66.4,6,22.7
102,ROG,582865,6706649,582.865,6706.649,SPRBIR,6,NICE,431,W,GRAS,GNEIS_R,1,0.12,22,283.4,19700,0.11,0.13,0.9,6.03,70,21,13200,0.18,92.4,4320,1210,0.13,1.5,1590,0.36,1000,0.04,65.7,6,42.6
103,ROG,581155,6720326,581.155,6720.326,SPRBIR,7,RAIN,430,FLAT,GRMO,GNEIS_R,1,0.15,20,288.2,20700,0.11,0.17,0.9,5.68,80,22,6600,0.28,92.7,4930,1665,0.17,2.4,1120,0.35,600,0.02,63.5,5,28.2
104,ROG,580482,6711512,580.482,6711.512,SPRBIR,7,MOIST,475,FLAT,GRMO,GNEIS_R,2,0.11,21,176.2,16400,0.06,0.11,0.7,6.04,70,21,13200,0.07,92.9,5640,1093,0.19,1.4,1110,0.48,900,0.03,67.6,4,19
105,ROG,584618,6701621,584.618,6701.621,SPRUCE,8,MOIST,410,FLAT,MOSS,GNEIS_R,3,0.09,21,240.6,16000,0.08,0.14,0.9,4.67,90,26,11800,0.21,93.4,5860,1054,0.11,1.5,1710,0.51,700,0.03,87.4,7,15.9
106,ROG,581453,6698513,581.453,6698.513,BIRSPR,8,NICE,296,W,GRAS,CAMSED,2,0.17,22,181.1,16600,0.03,0.13,1,5.45,80,18,12600,0.15,93.2,5070,466,0.04,7.6,1320,0.27,1200,0.02,42.7,6,20.6
107,ROG,579850,6695899,579.85,6695.899,SPRBIR,9,NICE,220,FLAT,GRAS,CAMSED,3,0.13,21,258.9,17100,0.06,0.11,1.1,6.67,120,25,14000,0.1,92.8,4430,779,0.05,10.3,1310,0.27,1200,0.02,55.4,6,20.6
108,ROG,581636,6694137,581.636,6694.137,SPRBIR,9,NICE,325,N,GRMO,CAMSED,2,0.11,19,393.3,16200,0.11,0.1,0.8,4.11,60,20,14300,0.23,92.9,3780,990,0.07,10,1890,0.28,700,0.01,72.5,7,19.4
109,ROG,585167,6692022,585.167,6692.022,MIXDEC,10,NICE,390,E,GRFE,CAMSED,2,0.14,23,512.5,18500,0.1,0.09,1.1,4.98,110,21,13700,0.37,92.4,3850,621,0.06,6.7,1930,0.33,800,0.01,59.7,8,21.2
111,ROG,582095,6688877,582.095,6688.877,MIXDEC,10,NICE,480,S,GRAS,CAMSED,2,0.2,23,196.5,22100,0.1,0.08,0.9,5.94,70,21,13200,0.3,91.5,3340,608,0.11,2.5,1560,0.34,1000,0.02,106.9,6,34.8
112,ROG,580702,6686100,580.702,6686.1,SPRBIR,11,CLOUD,296,N,GRMO,CAMSED,1,0.14,19,150.2,17200,0.09,0.16,0.9,6.02,90,21,13300,0.08,92.9,3900,1281,0.22,2.3,1720,0.28,1100,0.02,46.5,7,21.8
113,ROG,583087,6684132,583.087,6684.132,MIXDEC,11,CLOUD,360,N,GRAS,CAMSED,2,0.19,21,210.1,18400,0.07,0.05,1,4.8,80,23,14100,0.1,92.5,4700,607,0.09,2.9,1320,0.28,900,0.01,82.5,6,15.5
114,ROG,589716,6679640,589.716,6679.64,SPRUCE,11,CLOUD,500,NW,BLUE,MAGM,2,0.14,20,217,15200,0.1,0.22,0.8,3.97,70,18,10000,0.15,93.4,4460,2197,0.25,1.7,2080,0.49,900,0.02,99.4,8,23.3
115,ROG,586913,6675154,586.913,6675.154,BIRSPR,12,NICE,500,E,BLUE,MAGM,NA,NA,NA,NA,NA,NA,NA,NA,NA,NA,NA,NA,NA,NA,NA,NA,NA,NA,NA,NA,NA,NA,NA,NA,NA
116,ROG,584623,6677522,584.623,6677.522,BIRSPR,12,NICE,556,FLAT,BLUE,MAGM,NA,NA,NA,NA,NA,NA,NA,NA,NA,NA,NA,NA,NA,NA,NA,NA,NA,NA,NA,NA,NA,NA,NA,NA,NA
117,ROG,589418,6680992,589.418,6680.992,SPRPIN,12,NICE,500,NW,BLUE,MAGM,2,0.19,19,256,21500,0.19,0.11,1,5.61,60,24,12000,1.93,91.8,3480,2200,0.47,4.4,1270,0.34,1100,0.02,68.2,5,42.4
118,ROG,588861,6672243,588.861,6672.243,SPRUCE,13,RAIN,522,NW,BLGR,MAGM,3,0.1,22,205.1,13600,0.13,0.27,0.8,6.34,110,35,10800,0.24,94.1,4130,2279,0.14,3,1730,0.59,900,0.02,120.6,7,31.6
119,ROG,591885,6668839,591.885,6668.839,SPRBIR,13,RAIN,504,S,GRAS,MAGM,2,0.18,20,309.6,15500,0.16,0.13,1,5.3,80,25,9500,1,93.9,3360,2444,0.49,3.2,2460,0.53,900,0.03,70.6,10,35
121,ROG,592250,6664455,592.25,6664.455,SPRBIR,14,MOIST,400,N,MOGR,MAGM,2,0.22,18,238.7,18100,0.14,0.09,0.7,4.49,80,20,7200,0.15,93.2,5800,811,0.35,1.1,3310,0.73,700,0.02,170.2,13,27.6
122,ROG,593299,6660953,593.299,6660.953,SPRBIR,14,NICE,340,S,BLUE,MAGM,2,0.1,20,346.2,14400,0.16,0.05,0.9,5.45,90,30,14300,0.12,93.1,3570,3057,0.36,1,4250,0.78,1100,0.02,122.4,16,17.6
123,ROG,593328,6657946,593.328,6657.946,SPRBIR,15,CLOUD,420,NW,BLLY,MAGM,2,0.1,26,150,13900,0.15,0.07,0.8,5.51,70,25,11400,0.91,93.7,4140,1885,0.14,1.6,1210,0.59,1000,0.02,100.5,6,22.7
124,ROG,595140,6656129,595.14,6656.129,BIRSPR,15,MOIST,290,SW,MOGR,MAGM,2,0.1,25,213.8,15600,0.12,0.06,0.9,6.2,100,30,13300,0.28,93.2,3870,1749,0.25,0.9,1830,0.49,1100,0.02,104.1,8,22.5
125,ROG,598010,6652619,598.01,6652.619,SPRUCE,16,NICE,205,SE,MIX,MAGM,3,0.11,20,118.8,12800,0.12,0.04,1,6.31,90,22,14800,0.96,93.5,3800,1102,0.12,1.5,1700,0.82,1200,0.04,53.5,7,23.9
126,ROG,597394,6653685,597.394,6653.685,SPRPIN,16,NICE,307,,BLUGRA,MAGM,4,0.12,23,163.5,11700,0.13,0.08,0.8,6.03,100,27,13700,0.44,93.5,3300,5591,0.22,2.1,1650,0.71,1000,0.04,55.6,7,17.6
127,ROG,592592,6645600,592.592,6645.6,SPRUCE,17,NICE,160,SE,GRAS,CAMSED,6,0.11,21,77.9,15900,0.25,0.28,1.1,4.73,80,21,11100,0.15,93.8,3220,789,0.35,5.6,1110,0.96,900,0.05,86.2,6,54.5
128,ROG,593200,6642327,593.2,6642.327,BIRSPR,17,NICE,30,FLAT,GRAS,CAMSED,3,0.16,26,258.3,19000,0.11,0.2,1.1,6.69,170,31,12300,1.13,92.1,5250,1275,0.15,5.7,1600,1.1,1000,0.1,101.2,11,21.7
129,ROG,597751,6649203,597.751,6649.203,SPRBIR,18,MOIST,235,NW,GRAS,CAMSED,2,0.09,18,43.8,12300,0.06,0.16,0.9,4.61,120,20,11600,0.1,93.8,4540,2852,0.39,1.6,1250,0.65,1100,0.05,32.1,6,19.9
131,ROG,597503,6650780,597.503,6650.78,SPRUCE,18,MOIST,187,E,GRMO,MAGM,3,0.12,19,166,12500,0.13,0.09,0.9,5.41,100,27,10200,0.2,94,3210,4751,0.61,1.7,2540,0.75,1000,0.04,51.9,11,14.7
132,ROG,602548,6646851,602.548,6646.851,SPRPIN,19,NICE,230,S,MIX,CAMSED,3,0.11,19,101,14000,0.1,0.14,1,5.74,120,26,12100,0.33,93.9,3480,869,0.16,4,1070,0.65,1000,0.08,62.9,8,47.4
133,ROG,600209,6640474,600.209,6640.474,PINE,19,NICE,195,W,MOSS,GNEIS_O,5,0.16,26,138.8,12600,0.11,0.15,1.1,5.79,140,25,14200,0.21,93.8,4640,546,0.18,1.6,2480,0.87,900,0.07,54.4,13,28.9
134,ROG,602583,6637390,602.583,6637.39,SPRBIR,20,NICE,110,NE,GRMO,GNEIS_O,5,0.2,32,133.7,16100,0.13,0.63,1.4,10.03,400,37,18700,0.84,91.6,5730,936,0.33,3.6,2330,1.3,1100,0.49,84.6,24,43.7
135,ROG,602264,6633965,602.264,6633.965,PINE,20,NICE,180,NE,MOSS,GNEIS_O,4,0.15,25,107.2,12500,0.1,0.12,1.1,4.44,140,25,9100,0.2,94.2,5830,958,0.09,1.4,1700,0.9,800,0.06,41.2,11,15.1
136,ROG,605115,6630922,605.115,6630.922,SPRUCE,21,MOIST,176,NE,GRMO,GNEIS_O,3,0.15,23,179.1,11900,0.05,0.22,0.9,5.5,100,29,11300,0.2,94,4400,2514,0.31,1.9,3310,0.55,900,0.03,78.7,13,15.8
137,ROG,605674,6628925,605.674,6628.925,SPRPIN,22,CLOUD,194,S,GRMO,GNEID_O,5,0.17,25,121.3,11500,0.1,0.19,1,6.64,110,31,12600,0.48,93.8,4940,1561,0.14,2.2,2930,0.71,900,0.03,79.9,12,16.4
138,ROG,608245,6625964,608.245,6625.964,SPRBIR,22,CLOUD,140,NW,GRAS,GNEIS_O,2,0.12,22,157.4,12900,0.11,0.18,1.1,5.55,100,27,12300,0.34,93.6,5290,2976,0.2,1.9,1910,0.76,1100,0.02,70.8,8,17.7
139,ROG,605175,6614207,605.175,6614.207,SPRUCE,23,CLOUD,120,E,BLMOLI,GNEIS_O,3,0.12,26,106.8,13500,0.08,0.22,1.1,5.97,140,32,13200,0.19,93.2,5580,2658,0.17,1.3,2010,0.64,1200,0.02,65.2,11,18.2
141,ROG,608279,6623043,608.279,6623.043,BIRSPR,23,CLOUD,175,W,GRBLU,GNEIS_O,2,0.16,24,59.5,18000,0.12,0.15,1.1,4.04,100,27,10400,0.27,92.6,5520,1968,0.2,1.2,1110,0.31,1000,0.02,28.3,6,17.6
142,ROG,609123,6618431,609.123,6618.431,PINE,24,NICE,180,SW,LYLI,GNEIS_O,4,0.11,22,146.6,12400,0.11,0.12,1,4.52,120,27,9400,0.34,94.1,5950,2918,0.16,1.5,2430,0.67,1100,0.02,55.6,10,14.5
143,ROG,612533,6609356,612.533,6609.356,SPRUCE,24,NICE,150,FLAT,GRBLU,GNEIS_O,3,0.15,25,128.6,13000,0.07,0.16,1.5,5.48,100,29,11000,0.08,93.5,6960,529,0.05,1.9,2370,0.79,1000,0.02,74.6,10,19.2
144,ROG,607746,6603365,607.746,6603.365,SPRPIN,25,CLOUD,118,FLAT,MOGR,GNEIS_O,6,0.15,28,153.9,13900,0.12,0.45,1.1,6.53,140,42,9500,0.2,93.6,6840,1993,0.07,2,2480,1.06,1300,0.03,96.1,11,21.3
101,MOS,578741,6708487,578.741,6708.487,SPRBIR,6,NICE,218,W,GRAS,MICSH,18,0.1,1,49.9,3100,0.17,0.18,1.3,5.43,170,44,5600,0.18,97.6,1620,300,0.14,1.3,1530,2.2,1200,0.07,13.8,10,35.4
102,MOS,582865,6706649,582.865,6706.649,SPRBIR,6,NICE,431,W,GRAS,GNEIS_R,24,0.1,1,63.5,3200,0.14,0.18,1.6,4.85,220,60,5400,0.25,97.6,1250,583,0.17,1.4,1510,2.72,1100,0.09,12.9,11,43.2
103,MOS,581155,6720326,581.155,6720.326,SPRBIR,7,RAIN,430,FLAT,GRMO,GNEIS_R,20,0.06,1,29.2,2400,0.22,0.11,1.2,4.03,120,31,5000,0.13,98.1,900,544,0.13,0.9,1130,2.42,800,0.07,8.7,7,33.8
104,MOS,580482,6711512,580.482,6711.512,SPRBIR,7,MOIST,475,FLAT,GRMO,GNEIS_R,24,0.07,1,24,2400,0.16,0.09,1.1,4.36,140,37,4000,0.12,98.2,900,646,0.18,1,1070,2.22,900,0.09,5,7,26.8
105,MOS,584618,6701621,584.618,6701.621,SPRUCE,8,MOIST,410,FLAT,MOSS,GNEIS_R,20,0.11,2,33.9,2200,0.11,0.13,1.4,4.61,220,59,4000,0.21,98.1,780,515,0.15,1,1060,2.99,900,0.09,10.1,10,29.5
106,MOS,581453,6698513,581.453,6698.513,BIRSPR,8,NICE,296,W,GRAS,CAMSED,43,0.19,2,42.3,3100,0.12,0.32,2.3,5.24,420,52,4500,0.37,97.4,1300,217,0.16,2.7,1280,2.71,1100,0.14,12.1,12,27
107,MOS,579850,6695899,579.85,6695.899,SPRBIR,9,NICE,220,FLAT,GRAS,CAMSED,17,0.14,2,67.4,3400,0.12,0.25,1.6,4.38,340,40,7000,0.26,97.2,1160,106,0.15,1.7,1820,1.69,900,0.06,18.5,12,22.3
108,MOS,581636,6694137,581.636,6694.137,SPRBIR,9,NICE,325,N,GRMO,CAMSED,26,0.12,2,63.6,2800,0.15,0.23,1.2,3.47,210,24,5300,0.14,97.7,1010,227,0.11,2.4,1230,1.49,600,0.05,13.3,9,28.9
109,MOS,585167,6692022,585.167,6692.022,MIXDEC,10,NICE,390,E,GRFE,CAMSED,39,0.18,3,94.2,3200,0.19,0.17,1.5,4.93,280,35,7300,0.27,97,1320,265,0.13,2.4,1620,1.74,800,0.07,10.9,11,31.1
111,MOS,582095,6688877,582.095,6688.877,MIXDEC,10,NICE,480,S,GRAS,CAMSED,15,0.12,2,31.1,3600,0.14,0.18,1.7,4.14,310,36,4800,0.28,97.6,1040,240,0.13,1.9,970,2.05,800,0.08,15.7,9,27.4
112,MOS,580702,6686100,580.702,6686.1,SPRBIR,11,CLOUD,296,N,GRMO,CAMSED,13,0.14,1,20.6,2300,0.09,0.13,1.3,3.65,180,36,4300,0.2,98.1,860,442,0.14,1.3,1010,1.84,800,0.07,7.2,8,29.1
113,MOS,583087,6684132,583.087,6684.132,MIXDEC,11,CLOUD,360,N,GRAS,CAMSED,14,0.15,4,49.4,3400,0.17,0.22,1.6,4.5,310,56,5700,0.33,97.4,1220,131,0.12,2.3,1310,1.71,900,0.06,11.7,11,26.3
114,MOS,589716,6679640,589.716,6679.64,SPRUCE,11,CLOUD,500,NW,BLUE,MAGM,17,0.08,1,25.7,2200,0.08,0.1,1.3,3.64,120,33,4200,0.13,98.3,1000,625,0.2,0.9,1200,2.27,700,0.1,8.2,8,18.5
115,MOS,586913,6675154,586.913,6675.154,BIRSPR,12,NICE,500,E,BLUE,MAGM,35,0.09,2,96,3300,0.18,0.15,1.3,5.87,180,81,6400,0.19,95.5,1190,1031,0.21,1.7,2350,4.48,1200,0.13,36.9,14,59.7
116,MOS,584623,6677522,584.623,6677.522,BIRSPR,12,NICE,556,FLAT,BLUE,MAGM,21,0.06,2,20.9,2000,0.11,0.1,1.2,4.32,120,36,5100,0.11,98.2,860,724,0.13,0.9,1040,2.71,800,0.09,6,7,27.9
117,MOS,589418,6680992,589.418,6680.992,SPRPIN,12,NICE,500,NW,BLUE,MAGM,31,0.11,1,30.7,2500,0.12,0.11,1.1,5.13,170,34,5900,0.26,97.8,1100,725,0.9,1.6,930,2.75,900,0.09,5.6,9,30.2
118,MOS,588861,6672243,588.861,6672.243,SPRUCE,13,RAIN,522,NW,BLGR,MAGM,22,0.12,1,19,2100,0.14,0.09,1.2,5.55,150,48,6100,0.16,98,900,909,0.17,1,1230,3.47,900,0.1,7.2,8,30.5
119,MOS,591885,6668839,591.885,6668.839,SPRBIR,13,RAIN,504,S,GRAS,MAGM,32,0.09,1,37.3,2200,0.18,0.15,1.3,6.29,150,62,6700,0.18,97.7,1000,1045,0.22,1.7,1740,5.22,1200,0.13,10.2,10,46.5
121,MOS,592250,6664455,592.25,6664.455,SPRBIR,14,MOIST,400,N,MOGR,MAGM,26,0.14,2,33.4,2700,0.18,0.11,1.2,6.32,170,42,6200,0.26,97.7,1200,563,0.25,1,1710,3.88,1000,0.16,15.4,12,38.1
122,MOS,593299,6660953,593.299,6660.953,SPRBIR,14,NICE,340,S,BLUE,MAGM,26,0.14,1,33.3,2100,0.18,0.14,1.3,7.2,240,44,6300,0.94,97.6,1060,823,0.24,1.6,1690,4.95,1000,0.18,12.5,15,43.6
123,MOS,593328,6657946,593.328,6657.946,SPRBIR,15,CLOUD,420,NW,BLLY,MAGM,26,0.27,1,16.8,2200,0.14,0.06,1.2,7.35,150,43,4900,0.17,98.1,880,833,0.22,1.3,880,3.98,900,0.17,4.1,8,34.6
124,MOS,595140,6656129,595.14,6656.129,BIRSPR,15,MOIST,290,SW,MOGR,MAGM,32,0.13,4,44.9,3500,0.24,0.22,1.5,10.43,350,56,7500,0.67,96.8,1460,776,0.34,1.6,1440,5.95,800,0.28,17.3,17,63.6
125,MOS,598010,6652619,598.01,6652.619,SPRUCE,16,NICE,205,SE,MIX,MAGM,29,0.15,3,28,2900,0.27,0.28,1.7,12.98,370,64,6700,0.48,97.1,1230,1010,0.41,1.9,1470,6.45,1000,0.43,10,19,62.4
126,MOS,597394,6653685,597.394,6653.685,SPRPIN,16,NICE,307,,BLUGRA,MAGM,25,0.09,2,22.7,2400,0.15,0.16,1.4,9.62,270,44,6100,0.28,97.7,920,1176,0.33,1.7,1240,4.62,700,0.31,7.1,14,34.2
127,MOS,592592,6645600,592.592,6645.6,SPRUCE,17,NICE,160,SE,GRAS,CAMSED,70,0.26,4,37.3,4100,0.56,0.61,2.6,15.31,760,62,5100,0.76,96.7,1330,516,0.62,3.7,1240,8.81,1000,0.74,23.4,31,103.2
128,MOS,593200,6642327,593.2,6642.327,BIRSPR,17,NICE,30,FLAT,GRAS,CAMSED,29,0.2,4,38.6,3900,0.28,0.51,2.2,15.27,580,46,7500,0.63,96.4,1400,221,0.45,3.4,1620,3.67,900,0.5,20.1,25,50.9
129,MOS,597751,6649203,597.751,6649.203,SPRBIR,18,MOIST,235,NW,GRAS,CAMSED,41,0.24,4,16.9,2800,0.38,0.39,2.1,13.3,460,47,6300,0.5,97.4,1310,539,0.52,2.9,1270,6.21,900,0.53,10.1,25,73.2
131,MOS,597503,6650780,597.503,6650.78,SPRUCE,18,MOIST,187,E,GRMO,MAGM,39,0.07,4,18.3,2600,0.3,0.17,1.5,9.18,240,40,5700,0.28,97.6,1220,1200,0.32,2.3,1620,4.22,700,0.3,7.8,14,82.4
132,MOS,602548,6646851,602.548,6646.851,SPRPIN,19,NICE,230,S,MIX,CAMSED,57,0.25,2,28.5,2800,0.42,0.35,2.1,14.4,540,42,6000,0.64,97.3,1180,525,0.4,2.6,1020,5.86,700,0.52,11.2,31,105.5
133,MOS,600209,6640474,600.209,6640.474,PINE,19,NICE,195,W,MOSS,GNEIS_O,34,0.2,6,17.9,3000,0.28,0.6,1.9,13.62,460,45,6700,0.55,97.1,1460,241,0.38,1.9,1600,3.95,800,0.41,8.7,26,75
134,MOS,602583,6637390,602.583,6637.39,SPRBIR,20,NICE,110,NE,GRMO,GNEIS_O,37,0.22,7,49.6,5400,0.36,1.32,4.3,25.34,1950,64,8200,2.35,93.2,2460,300,1.03,3.8,2000,7.68,900,1.48,30.6,39,93
135,MOS,602264,6633965,602.264,6633.965,PINE,20,NICE,180,NE,MOSS,GNEIS_O,26,0.14,1,21.3,2600,0.13,0.22,1.6,7.77,350,40,4700,0.45,97.8,1110,357,0.26,1.2,1140,3.55,600,0.2,4.7,22,37
136,MOS,605115,6630922,605.115,6630.922,SPRUCE,21,MOIST,176,NE,GRMO,GNEIS_O,23,0.1,3,15.7,2400,0.17,0.27,1.5,7.22,270,51,6100,0.31,97.6,1270,567,0.21,1.9,1820,3.45,700,0.16,7.4,18,60.1
137,MOS,605674,6628925,605.674,6628.925,SPRPIN,22,CLOUD,194,S,GRMO,GNEID_O,23,0.07,2,14.2,2100,0.21,0.22,1.7,6.67,290,55,5500,0.31,97.8,1160,563,0.23,1.8,1810,3.69,800,0.18,6.3,20,57.5
138,MOS,608245,6625964,608.245,6625.964,SPRBIR,22,CLOUD,140,NW,GRAS,GNEIS_O,20,0.22,1,16.7,1900,0.19,0.12,1.3,4.88,160,35,4400,0.19,97.4,990,692,0.15,1.3,1090,2.37,600,0.11,7,10,49.1
139,MOS,605175,6614207,605.175,6614.207,SPRUCE,23,CLOUD,120,E,BLMOLI,GNEIS_O,32,0.17,6,16.5,3000,0.22,0.48,1.8,7.07,330,57,6800,0.38,97.3,1550,385,0.19,1.6,1660,3.32,900,0.13,11,20,60.8
141,MOS,608279,6623043,608.279,6623.043,BIRSPR,23,CLOUD,175,W,GRBLU,GNEIS_O,20,0.17,3,31.2,2600,0.2,0.23,1.2,5.93,180,34,5200,0.21,98,1290,727,0.17,1.1,1280,2.73,700,0.11,7,14,50.5
142,MOS,609123,6618431,609.123,6618.431,PINE,24,NICE,180,SW,LYLI,GNEIS_O,23,0.1,2,16.6,2200,0.25,0.25,1.3,5.62,210,43,5100,0.24,98,1010,262,0.17,1,1080,3.66,800,0.13,6.7,12,42.1
143,MOS,612533,6609356,612.533,6609.356,SPRUCE,24,NICE,150,FLAT,GRBLU,GNEIS_O,21,0.11,2,12.2,2000,0.15,0.14,1.3,5.91,190,46,5100,0.21,97.9,1170,335,0.17,1.2,1450,3.23,800,0.12,4.6,12,39.3
144,MOS,607746,6603365,607.746,6603.365,SPRPIN,25,CLOUD,118,FLAT,MOGR,GNEIS_O,27,0.08,2,11.7,2100,0.17,0.14,1.5,6.3,200,57,5700,0.22,97.9,1170,305,0.17,1.2,1450,3.68,900,0.14,6.2,13,45
101,STW,578741,6708487,578.741,6708.487,SPRBIR,6,NICE,218,W,GRAS,MICSH,22,0.06,2,61.5,1700,0.09,0.03,1.1,3.49,10,2,400,0.005,99.6,120,63,0.005,0.2,100,0.08,50,0.01,10.7,1,19.7
102,STW,582865,6706649,582.865,6706.649,SPRBIR,6,NICE,431,W,GRAS,GNEIS_R,25,0.09,2,33.3,1600,0.14,0.06,1.2,2.78,10,2,500,0.005,99.5,130,103,0.005,0.2,80,0.12,100,0.01,7.7,1,23.8
103,STW,581155,6720326,581.155,6720.326,SPRBIR,7,RAIN,430,FLAT,GRMO,GNEIS_R,25,0.05,2,52.7,2000,0.21,0.1,1,2.47,10,1,500,0.005,99.5,170,218,0.01,0.2,80,0.21,300,0.01,8.8,0.5,27.5
104,STW,580482,6711512,580.482,6711.512,SPRBIR,7,MOIST,475,FLAT,GRMO,GNEIS_R,40,0.05,2,36,1200,0.03,0.03,1,2.27,10,4,500,0.005,99.6,140,105,0.005,0.1,70,0.33,300,0.01,7.6,0.5,17.1
105,STW,584618,6701621,584.618,6701.621,SPRUCE,8,MOIST,410,FLAT,MOSS,GNEIS_R,28,0.08,2,26.5,1600,0.02,0.03,1.2,2.07,10,2,400,0.005,99.6,170,119,0.005,0.2,60,0.24,300,0.01,7.1,0.5,20.7
106,STW,581453,6698513,581.453,6698.513,BIRSPR,8,NICE,296,W,GRAS,CAMSED,68,0.08,2,38.2,1300,0.06,0.07,1.1,2.4,10,3,500,0.005,99.6,110,55,0.01,0.3,70,0.09,300,0.01,4.8,0.5,16.1
107,STW,579850,6695899,579.85,6695.899,SPRBIR,9,NICE,220,FLAT,GRAS,CAMSED,25,0.08,2,48.1,1400,0.02,0.01,1.3,2.84,10,0.5,400,0.005,99.6,120,12,0.005,0.1,60,0.1,300,0.01,12,0.5,10
108,STW,581636,6694137,581.636,6694.137,SPRBIR,9,NICE,325,N,GRMO,CAMSED,36,0.05,1,50.4,1300,0.09,0.03,1.2,2.29,5,2,500,0.005,99.6,120,67,0.005,0.2,60,0.06,300,0.01,6.6,1,13.2
109,STW,585167,6692022,585.167,6692.022,MIXDEC,10,NICE,390,E,GRFE,CAMSED,29,0.07,1,59.2,1300,0.07,0.02,1.1,2.49,10,4,400,0.005,99.7,100,49,0.005,0.1,50,0.05,300,0.01,5.4,0.5,13.4
111,STW,582095,6688877,582.095,6688.877,MIXDEC,10,NICE,480,S,GRAS,CAMSED,45,0.04,2,26.7,1500,0.05,0.03,1.1,2.44,10,1,400,0.005,99.7,100,57,0.005,0.1,50,0.11,300,0.01,13.3,0.5,13.1
112,STW,580702,6686100,580.702,6686.1,SPRBIR,11,CLOUD,296,N,GRMO,CAMSED,46,0.05,1,30.3,1200,0.11,0.03,1.1,2.47,10,1,400,0.005,99.7,140,156,0.005,0.1,70,0.14,300,0.01,5.7,0.5,17.5
113,STW,583087,6684132,583.087,6684.132,MIXDEC,11,CLOUD,360,N,GRAS,CAMSED,19,0.19,2,47.1,1500,0.14,0.05,1.1,2.41,10,2,500,0.005,99.6,150,67,0.005,0.2,70,0.11,300,0.01,6.4,0.5,14.9
114,STW,589716,6679640,589.716,6679.64,SPRUCE,11,CLOUD,500,NW,BLUE,MAGM,34,0.01,2,28.6,1000,0.07,0.02,1,2.28,5,2,400,0.005,99.7,170,150,0.01,0.1,60,0.63,50,0.01,7.9,0.5,19.8
115,STW,586913,6675154,586.913,6675.154,BIRSPR,12,NICE,500,E,BLUE,MAGM,21,0.01,2,22.9,1100,0.09,0.03,0.9,2.5,5,2,400,0.005,99.6,160,163,0.02,0.1,70,0.24,50,0.01,12.5,0.5,18.7
116,STW,584623,6677522,584.623,6677.522,BIRSPR,12,NICE,556,FLAT,BLUE,MAGM,22,0.02,2,21.5,1200,0.08,0.04,0.9,2.03,5,2,400,0.005,99.6,220,247,0.01,0.1,40,0.21,50,0.01,5.2,0.5,18.4
117,STW,589418,6680992,589.418,6680.992,SPRPIN,12,NICE,500,NW,BLUE,MAGM,20,0.06,1,27,1100,0.12,0.03,0.9,2.57,5,3,400,0.005,99.6,130,118,0.01,0.1,80,0.03,50,0.01,4.8,0.5,15.4
118,STW,588861,6672243,588.861,6672.243,SPRUCE,13,RAIN,522,NW,BLGR,MAGM,21,0.02,2,14.6,1000,0.12,0.02,1,1.93,5,2,400,0.005,99.6,180,254,0.03,0.1,40,0.36,50,0.01,5.1,0.5,18.3
119,STW,591885,6668839,591.885,6668.839,SPRBIR,13,RAIN,504,S,GRAS,MAGM,29,0.01,2,51.8,1100,0.23,0.08,0.9,2.53,5,3,400,0.06,99.6,190,375,0.01,0.3,60,0.32,100,0.01,6.2,0.5,30
121,STW,592250,6664455,592.25,6664.455,SPRBIR,14,MOIST,400,N,MOGR,MAGM,22,0.06,2,23.6,1100,0.11,0.02,1,2.28,5,3,400,0.005,99.6,170,83,0.01,0.1,40,0.22,100,0.01,9.6,0.5,16.6
122,STW,593299,6660953,593.299,6660.953,SPRBIR,14,NICE,340,S,BLUE,MAGM,49,0.04,2,43.9,1100,0.32,0.05,1,1.93,5,2,400,0.005,99.6,220,415,0.01,0.1,40,1.03,100,0.01,8.2,0.5,31.5
123,STW,593328,6657946,593.328,6657.946,SPRBIR,15,CLOUD,420,NW,BLLY,MAGM,36,0.06,2,5.5,1000,0.08,0.005,1.1,2.13,5,3,400,0.005,99.6,170,280,0.01,0.1,40,0.32,100,0.01,2.7,0.5,23.2
124,STW,595140,6656129,595.14,6656.129,BIRSPR,15,MOIST,290,SW,MOGR,MAGM,34,0.05,2,24.9,1300,0.26,0.01,1.1,2.42,5,1,400,0.005,99.6,170,225,0.01,0.1,40,0.3,100,0.01,6.8,0.5,28.7
125,STW,598010,6652619,598.01,6652.619,SPRUCE,16,NICE,205,SE,MIX,MAGM,39,0.02,2,27.6,1200,0.31,0.005,1.1,2.34,5,1,400,0.005,99.6,190,308,0.01,0.1,40,2.73,100,0.01,4.6,0.5,31.2
126,STW,597394,6653685,597.394,6653.685,SPRPIN,16,NICE,307,,BLUGRA,MAGM,29,0.01,2,21.8,1000,0.3,0.02,0.9,2.23,5,3,400,0.01,99.6,220,510,0.01,0.1,60,0.77,100,0.01,4.4,0.5,32.7
127,STW,592592,6645600,592.592,6645.6,SPRUCE,17,NICE,160,SE,GRAS,CAMSED,79,0.01,2,18,1600,0.92,0.14,1,1.57,5,5,300,0.005,99.5,200,276,0.01,0.2,30,6.43,100,0.01,10.5,0.5,38
128,STW,593200,6642327,593.2,6642.327,BIRSPR,17,NICE,30,FLAT,GRAS,CAMSED,27,0.02,2,49.5,1400,0.1,0.04,1.1,2.29,5,3,400,0.005,99.6,140,90,0.005,0.2,60,0.22,100,0.01,7.7,0.5,14.4
129,STW,597751,6649203,597.751,6649.203,SPRBIR,18,MOIST,235,NW,GRAS,CAMSED,52,0.04,2,13.6,1100,0.19,0.01,1,2.29,5,3,300,0.005,99.6,170,249,0.01,0.1,60,1.29,100,0.01,4.7,0.5,24.9
131,STW,597503,6650780,597.503,6650.78,SPRUCE,18,MOIST,187,E,GRMO,MAGM,15,0.04,1,32,900,0.17,0.02,1,2.74,10,2,300,0.005,99.7,180,294,0.01,0.2,80,0.78,100,0.01,5.6,0.5,20.4
132,STW,602548,6646851,602.548,6646.851,SPRPIN,19,NICE,230,S,MIX,CAMSED,70,0.03,2,36.3,1700,0.31,0.04,1,1.63,5,3,300,0.005,99.5,170,151,0.01,0.3,30,2.2,100,0.01,12.2,0.5,40.5
133,STW,600209,6640474,600.209,6640.474,PINE,19,NICE,195,W,MOSS,GNEIS_O,33,0.03,2,24.6,1400,0.07,0.06,1.1,1.76,5,4,300,0.005,99.6,200,83,0.01,0.1,30,0.76,200,0.01,4.9,0.5,24.2
134,STW,602583,6637390,602.583,6637.39,SPRBIR,20,NICE,110,NE,GRMO,GNEIS_O,35,0.03,2,35.3,1700,0.3,0.19,1.2,1.5,10,5,300,0.005,99.5,260,133,0.01,0.2,30,0.32,100,0.01,10.2,0.5,34.2
135,STW,602264,6633965,602.264,6633.965,PINE,20,NICE,180,NE,MOSS,GNEIS_O,51,0.03,2,11.5,1200,0.11,0.02,1,1.55,10,0.5,400,0.005,99.6,170,115,0.01,0.1,30,0.59,100,0.01,3,0.5,20.1
136,STW,605115,6630922,605.115,6630.922,SPRUCE,21,MOIST,176,NE,GRMO,GNEIS_O,44,0.06,2,18.2,1100,0.14,0.08,1.1,2.58,5,4,400,0.005,99.6,200,297,0.01,0.1,40,0.26,100,0.01,5,0.5,23.2
137,STW,605674,6628925,605.674,6628.925,SPRPIN,22,CLOUD,194,S,GRMO,GNEID_O,26,0.04,2,15.4,1000,0.09,0.07,1,2.17,5,2,400,0.02,99.6,240,193,0.005,0.1,40,0.24,100,0.01,5.2,0.5,21.7
138,STW,608245,6625964,608.245,6625.964,SPRBIR,22,CLOUD,140,NW,GRAS,GNEIS_O,36,0.04,2,18.6,1000,0.13,0.03,1,2.51,5,2,400,0.005,99.6,140,195,0.02,0.1,60,0.4,200,0.01,5.1,0.5,18.3
139,STW,605175,6614207,605.175,6614.207,SPRUCE,23,CLOUD,120,E,BLMOLI,GNEIS_O,56,0.05,2,9.7,1200,0.1,0.01,1.1,1.73,5,3,300,0.005,99.6,220,159,0.005,0.1,40,0.42,200,0.01,4,0.5,24.6
141,STW,608279,6623043,608.279,6623.043,BIRSPR,23,CLOUD,175,W,GRBLU,GNEIS_O,54,0.05,2,25.8,1100,0.18,0.04,1.1,3.04,10,0.5,300,0.005,99.6,110,103,0.01,0.05,40,0.04,100,0.01,6.5,0.5,15.1
142,STW,609123,6618431,609.123,6618.431,PINE,24,NICE,180,SW,LYLI,GNEIS_O,66,0.06,2,27.8,1500,0.08,0.03,1.1,1.74,5,3,400,0.005,99.5,280,217,0.005,0.1,30,1.51,100,0.01,5.4,0.5,24.3
143,STW,612533,6609356,612.533,6609.356,SPRUCE,24,NICE,150,FLAT,GRBLU,GNEIS_O,51,0.03,2,17.1,1100,0.14,0.02,1,2.01,10,3,400,0.005,99.6,200,166,0.005,0.1,60,0.6,100,0.01,5,0.5,17.7
144,STW,607746,6603365,607.746,6603.365,SPRPIN,25,CLOUD,118,FLAT,MOGR,GNEIS_O,33,0.06,1,16.2,1200,0.12,0.04,1.2,2.35,5,3,300,0.005,99.6,200,103,0.005,0.1,40,0.23,200,0.01,5.6,0.5,19.8
101,SNE,578741,6708487,578.741,6708.487,SPRBIR,6,NICE,218,W,GRAS,MICSH,5,0.08,10,207.4,9000,0.08,0.09,1,3.46,30,22,7000,0.01,95.7,1100,457,0.01,0.9,1520,0.02,800,0.01,40,5,47.8
102,SNE,582865,6706649,582.865,6706.649,SPRBIR,6,NICE,431,W,GRAS,GNEIS_R,5,0.05,7,76,6800,0.13,0.2,0.8,3.04,30,22,7300,0.01,96.3,900,753,0.02,1.7,1180,0.02,800,0.01,20.6,5,57.3
103,SNE,581155,6720326,581.155,6720.326,SPRBIR,7,RAIN,430,FLAT,GRMO,GNEIS_R,4,0.05,5,84.8,6200,0.15,0.06,0.9,2.27,30,19,6400,0.04,96.5,1010,1084,0.02,1,1310,0.04,800,0.01,21.5,5,50.5
104,SNE,580482,6711512,580.482,6711.512,SPRBIR,7,MOIST,475,FLAT,GRMO,GNEIS_R,5,0.03,8,70.7,5000,0.03,0.06,1,2.2,30,16,6000,0.01,96.9,1130,710,0.02,1,1280,0.05,700,0.01,23.2,5,52.4
105,SNE,584618,6701621,584.618,6701.621,SPRUCE,8,MOIST,410,FLAT,MOSS,GNEIS_R,3,0.04,14,39,6200,0.02,0.14,0.9,2.62,30,23,6500,0.01,96.5,1070,679,0.02,0.7,1300,0.1,800,0.01,16.6,5,36.6
106,SNE,581453,6698513,581.453,6698.513,BIRSPR,8,NICE,296,W,GRAS,CAMSED,21,0.06,14,160.6,9700,0.06,0.15,1,3.02,30,15,7800,0.02,95.5,950,595,0.01,6,1310,0.08,1200,0.01,22.8,5,62.4
107,SNE,579850,6695899,579.85,6695.899,SPRBIR,9,NICE,220,FLAT,GRAS,CAMSED,7,0.14,12,176.1,9500,0.02,0.03,1.1,2.91,30,21,8500,0.01,95.7,1130,127,0.01,1.2,1730,0.09,1300,0.01,56.3,7,37.5
108,SNE,581636,6694137,581.636,6694.137,SPRBIR,9,NICE,325,N,GRMO,CAMSED,11,0.14,12,219.1,11300,0.11,0.17,1.1,2.54,20,18,7300,0.01,95.3,1000,756,0.01,4.3,1630,0.1,1300,0.01,35.7,6,67.2
109,SNE,585167,6692022,585.167,6692.022,MIXDEC,10,NICE,390,E,GRFE,CAMSED,6,0.12,16,239.9,11700,0.08,0.12,1,2.65,50,27,7600,0.04,95.1,990,662,0.02,3,1790,0.16,1300,0.01,32.7,7,67.3
111,SNE,582095,6688877,582.095,6688.877,MIXDEC,10,NICE,480,S,GRAS,CAMSED,9,0.09,11,87.3,8800,0.08,0.08,1.1,2.55,30,21,6900,0.02,96.2,710,411,0.01,2.1,1340,0.14,1100,0.01,54.9,5,44.4
112,SNE,580702,6686100,580.702,6686.1,SPRBIR,11,CLOUD,296,N,GRMO,CAMSED,9,0.06,13,87.7,8900,0.09,0.16,1.1,2.8,30,19,7100,0.03,96.2,890,1601,0.02,1.8,1410,0.18,1100,0.01,20.2,6,65.6
113,SNE,583087,6684132,583.087,6684.132,MIXDEC,11,CLOUD,360,N,GRAS,CAMSED,6,0.06,11,146.3,8200,0.14,0.16,1.2,3.09,40,20,9700,0.02,95.9,900,588,0.01,3.9,1940,0.09,1400,0.02,25.4,8,52.4
114,SNE,589716,6679640,589.716,6679.64,SPRUCE,11,CLOUD,500,NW,BLUE,MAGM,8,0.06,13,63.7,6200,0.07,0.11,0.9,2.06,30,24,5100,0.02,96.7,920,1395,0.02,1,1660,0.15,800,0.01,31.2,7,46.7
115,SNE,586913,6675154,586.913,6675.154,BIRSPR,12,NICE,500,E,BLUE,MAGM,4,0.05,11,51.9,6000,0.06,0.05,1,2.56,30,19,7500,0.01,96.3,1000,1248,0.03,0.7,2420,0.24,900,0.02,50,9,51.2
116,SNE,584623,6677522,584.623,6677.522,BIRSPR,12,NICE,556,FLAT,BLUE,MAGM,7,0.03,15,43.9,6600,0.06,0.1,1.2,2.33,30,23,5800,0.01,96.5,930,2075,0.03,1.1,1220,0.27,800,0.02,15.7,5,50.4
117,SNE,589418,6680992,589.418,6680.992,SPRPIN,12,NICE,500,NW,BLUE,MAGM,9,0.04,14,94.5,8800,0.2,0.12,0.9,3.11,30,15,7200,0.03,96,920,1137,0.04,3.8,1520,0.11,1100,0.02,22.6,6,82.6
118,SNE,588861,6672243,588.861,6672.243,SPRUCE,13,RAIN,522,NW,BLGR,MAGM,5,0.04,11,27.8,5400,0.05,0.09,0.9,2.4,30,24,4900,0.01,96.9,890,1546,0.04,1.2,1250,0.17,1000,0.02,14.4,5,46.7
119,SNE,591885,6668839,591.885,6668.839,SPRBIR,13,RAIN,504,S,GRAS,MAGM,11,0.07,7,58.7,3700,0.16,0.29,1,2.97,30,20,6700,0.08,97.1,720,1508,0.02,4.6,1860,0.18,900,0.02,14.4,7,42.1
121,SNE,592250,6664455,592.25,6664.455,SPRBIR,14,MOIST,400,N,MOGR,MAGM,6,0.07,9,55,6400,0.09,0.12,1,3.03,30,22,7200,0.01,96.4,1060,749,0.04,0.5,2210,0.21,1000,0.01,35.8,9,56.3
122,SNE,593299,6660953,593.299,6660.953,SPRBIR,14,NICE,340,S,BLUE,MAGM,8,0.04,13,42.2,3500,0.15,0.1,0.8,2.58,30,35,7800,0.02,96.4,710,1802,0.04,2,2120,0.19,900,0.01,17.4,8,43.8
123,SNE,593328,6657946,593.328,6657.946,SPRBIR,15,CLOUD,420,NW,BLLY,MAGM,10,0.05,11,4.8,4300,0.04,0.02,1,2.24,30,25,6100,0.01,96.9,790,1500,0.02,0.4,1040,0.27,800,0.02,4.2,4,43.9
124,SNE,595140,6656129,595.14,6656.129,BIRSPR,15,MOIST,290,SW,MOGR,MAGM,10,0.04,14,37.4,5500,0.18,0.05,1,3.11,40,19,8200,0.04,96.4,930,1148,0.05,0.6,1490,0.15,900,0.01,18,6,57.4
125,SNE,598010,6652619,598.01,6652.619,SPRUCE,16,NICE,205,SE,MIX,MAGM,5,0.05,15,29.7,4700,0.17,0.05,0.9,3.33,30,22,8600,0.02,96.4,850,1435,0.04,1.6,1570,0.16,900,0.02,10.1,7,61.6
126,SNE,597394,6653685,597.394,6653.685,SPRPIN,16,NICE,307,,BLUGRA,MAGM,6,0.05,16,16.5,3600,0.19,0.06,0.9,2.99,30,17,7300,0.01,96.9,810,2479,0.04,1.7,1560,0.13,1000,0.02,7.5,6,60.8
127,SNE,592592,6645600,592.592,6645.6,SPRUCE,17,NICE,160,SE,GRAS,CAMSED,10,0.1,22,34.8,7700,0.51,0.47,1,3.17,40,28,7300,0.03,96,1030,1434,0.11,6.8,1680,0.22,1000,0.05,42.7,8,95
128,SNE,593200,6642327,593.2,6642.327,BIRSPR,17,NICE,30,FLAT,GRAS,CAMSED,5,0.08,16,124.7,7600,0.14,0.21,0.9,2.67,30,25,7600,0.03,96.3,860,708,0.02,5.1,1540,0.11,900,0.03,31.1,7,54.7
129,SNE,597751,6649203,597.751,6649.203,SPRBIR,18,MOIST,235,NW,GRAS,CAMSED,10,0.07,19,27.1,5700,0.19,0.14,0.9,3.04,30,24,6300,0.02,96.7,920,1405,0.05,2.2,1340,0.19,900,0.03,14.2,6,70.6
131,SNE,597503,6650780,597.503,6650.78,SPRUCE,18,MOIST,187,E,GRMO,MAGM,4,0.05,10,53,5200,0.15,0.04,0.8,2.74,30,21,6000,0.01,96.8,790,1929,0.03,1.3,1400,0.17,800,0.03,16.3,6,45.6
132,SNE,602548,6646851,602.548,6646.851,SPRPIN,19,NICE,230,S,MIX,CAMSED,7,0.12,16,95,9700,0.3,0.17,1,3.08,40,22,7500,0.03,95.9,880,1188,0.11,5.4,1280,0.15,900,0.03,46.4,7,132
133,SNE,600209,6640474,600.209,6640.474,PINE,19,NICE,195,W,MOSS,GNEIS_O,6,0.12,27,54.8,7200,0.09,0.28,1,3.43,40,30,8900,0.02,96.1,1140,637,0.04,2.3,2090,0.13,1300,0.03,16.2,9,72.3
134,SNE,602583,6637390,602.583,6637.39,SPRBIR,20,NICE,110,NE,GRMO,GNEIS_O,5,0.14,17,46.9,6600,0.1,0.43,1.2,3.79,120,27,8600,0.1,96.5,1070,594,0.09,2.9,2110,0.28,1000,0.16,29.2,17,66.9
135,SNE,602264,6633965,602.264,6633.965,PINE,20,NICE,180,NE,MOSS,GNEIS_O,5,0.11,22,19.5,6700,0.07,0.08,1.4,2.18,30,20,5900,0.02,96.8,950,753,0.02,0.7,1140,0.15,700,0.02,8.9,5,51
136,SNE,605115,6630922,605.115,6630.922,SPRUCE,21,MOIST,176,NE,GRMO,GNEIS_O,5,0.04,15,13.3,3600,0.07,0.19,0.9,2.75,30,25,8000,0.02,96.8,910,1286,0.02,1.1,2250,0.14,900,0.01,7.9,9,34.2
137,SNE,605674,6628925,605.674,6628.925,SPRPIN,22,CLOUD,194,S,GRMO,GNEID_O,5,0.08,14,12.6,3700,0.05,0.16,0.9,3.01,30,28,6200,0.02,97.2,1010,928,0.02,1.5,1660,0.14,700,0.01,9.1,7,30.6
138,SNE,608245,6625964,608.245,6625.964,SPRBIR,22,CLOUD,140,NW,GRAS,GNEIS_O,8,0.12,17,45.6,7000,0.11,0.09,0.9,3.03,30,22,7400,0.02,96.4,940,1664,0.02,0.7,1600,0.11,900,0.01,18.5,7,49.6
139,SNE,605175,6614207,605.175,6614.207,SPRUCE,23,CLOUD,120,E,BLMOLI,GNEIS_O,10,0.36,24,13.3,5200,0.06,0.07,1,2.43,30,18,5900,0.02,96.9,1110,867,0.02,0.5,1570,0.15,700,0.02,8.7,6,47.7
141,SNE,608279,6623043,608.279,6623.043,BIRSPR,23,CLOUD,175,W,GRBLU,GNEIS_O,11,0.36,18,68.6,7500,0.22,0.14,0.9,3.15,30,22,7300,0.01,96.1,870,1076,0.02,0.7,1250,0.04,900,0.02,24.3,5,55.4
142,SNE,609123,6618431,609.123,6618.431,PINE,24,NICE,180,SW,LYLI,GNEIS_O,6,0.3,20,22.4,4300,0.06,0.12,1.1,2.51,30,25,7200,0.02,97,940,740,0.02,1.3,1430,0.13,900,0.02,9.1,7,45.2
143,SNE,612533,6609356,612.533,6609.356,SPRUCE,24,NICE,150,FLAT,GRBLU,GNEIS_O,9,0.45,20,30.1,5800,0.13,0.06,1.1,2.6,30,19,7100,0.01,96.5,1060,1115,0.02,0.5,1610,0.08,1100,0.01,13.3,7,53.9
144,SNE,607746,6603365,607.746,6603.365,SPRPIN,25,CLOUD,118,FLAT,MOGR,GNEIS_O,8,0.22,18,32.8,5800,0.06,0.13,1,3.25,30,30,5900,0.01,96.8,1210,586,0.01,1.6,1450,0.18,1300,0.01,15.9,6,35.4
101,TWI,578741,6708487,578.741,6708.487,SPRBIR,6,NICE,218,W,GRAS,MICSH,8,0.34,8,178.8,6100,0.17,0.21,1.4,7.08,30,14,7200,0.02,97.1,940,256,0.03,2.1,1410,0.36,800,0.01,32.3,7,77.8
102,TWI,582865,6706649,582.865,6706.649,SPRBIR,6,NICE,431,W,GRAS,GNEIS_R,9,0.21,8,93.2,5600,0.26,0.2,1.4,6.51,40,12,6800,0.05,97.4,810,390,0.02,3,1170,0.65,1000,0.01,22,6,86.7
103,TWI,581155,6720326,581.155,6720.326,SPRBIR,7,RAIN,430,FLAT,GRMO,GNEIS_R,10,0.32,8,124.2,5200,0.29,0.16,1.2,5.15,50,13,5300,0.07,97.5,780,637,0.03,2.1,1160,1.11,900,0.03,24.3,6,86.7
104,TWI,580482,6711512,580.482,6711.512,SPRBIR,7,MOIST,475,FLAT,GRMO,GNEIS_R,12,0.45,8,107.9,4400,0.09,0.11,1.3,5.07,50,15,5600,0.05,97.7,880,492,0.03,2.4,1180,0.94,700,0.02,28.9,6,85.9
105,TWI,584618,6701621,584.618,6701.621,SPRUCE,8,MOIST,410,FLAT,MOSS,GNEIS_R,9,0.2,10,69.5,4700,0.06,0.16,1.4,4.57,60,14,7400,0.05,97.5,990,455,0.03,1.5,1080,0.53,800,0.02,19.9,6,74
106,TWI,581453,6698513,581.453,6698.513,BIRSPR,8,NICE,296,W,GRAS,CAMSED,24,0.17,11,170.1,5800,0.1,0.39,1.5,7.23,90,17,7500,0.09,97.1,900,240,0.02,6.9,1070,0.51,800,0.02,18.3,7,89.9
107,TWI,579850,6695899,579.85,6695.899,SPRBIR,9,NICE,220,FLAT,GRAS,CAMSED,10,0.21,10,188,6800,0.05,0.08,1.4,5.91,60,17,7300,0.06,96.9,1000,79,0.03,2.2,1230,0.55,800,0.01,51.3,7,54.9
108,TWI,581636,6694137,581.636,6694.137,SPRBIR,9,NICE,325,N,GRMO,CAMSED,13,0.14,9,187.8,6000,0.16,0.2,1.2,4.92,50,10,7900,0.05,97.1,720,301,0.02,6.3,1070,0.55,800,0.02,23.9,6,72.4
109,TWI,585167,6692022,585.167,6692.022,MIXDEC,10,NICE,390,E,GRFE,CAMSED,11,0.18,10,265,6400,0.15,0.2,1.4,6.81,100,18,6400,0.13,97,840,279,0.02,4.5,1180,0.85,700,0.02,24.1,7,90.3
111,TWI,582095,6688877,582.095,6688.877,MIXDEC,10,NICE,480,S,GRAS,CAMSED,13,0.24,10,96.1,6000,0.11,0.13,1.4,6.51,70,18,6000,0.08,97.4,710,204,0.03,3.4,1040,0.68,800,0.02,44.7,7,74.8
112,TWI,580702,6686100,580.702,6686.1,SPRBIR,11,CLOUD,296,N,GRMO,CAMSED,13,0.09,10,109.1,6000,0.25,0.28,1.4,6.37,60,12,6200,0.07,97.3,830,600,0.02,3,1090,0.79,600,0.03,20.3,6,106.6
113,TWI,583087,6684132,583.087,6684.132,MIXDEC,11,CLOUD,360,N,GRAS,CAMSED,9,0.12,9,154,5700,0.21,0.18,1.4,6.5,40,9,7500,0.06,97.1,890,232,0.02,4.8,1310,0.43,900,0.02,20.4,7,68.1
114,TWI,589716,6679640,589.716,6679.64,SPRUCE,11,CLOUD,500,NW,BLUE,MAGM,15,0.18,7,84.1,3900,0.14,0.17,1.2,4.65,60,11,6100,0.06,97.7,820,623,0.03,2,1190,1.7,700,0.02,28.5,6,77.5
115,TWI,586913,6675154,586.913,6675.154,BIRSPR,12,NICE,500,E,BLUE,MAGM,8,0.11,8,71.6,4300,0.15,0.1,1.3,6.72,40,12,6200,0.03,97.6,880,572,0.05,1.9,1520,0.87,800,0.02,47.3,7,87.9
116,TWI,584623,6677522,584.623,6677.522,BIRSPR,12,NICE,556,FLAT,BLUE,MAGM,11,0.27,9,76.9,4000,0.14,0.13,1.2,6.24,50,14,5700,0.05,97.8,950,911,0.03,2.5,1050,1.49,700,0.02,18.3,6,94.9
117,TWI,589418,6680992,589.418,6680.992,SPRPIN,12,NICE,500,NW,BLUE,MAGM,9,0.32,8,84.7,5000,0.31,0.11,1.2,6.4,40,10,6300,0.04,97.5,790,354,0.06,4.7,1090,0.69,700,0.01,17.3,5,87.1
118,TWI,588861,6672243,588.861,6672.243,SPRUCE,13,RAIN,522,NW,BLGR,MAGM,9,0.15,8,47.1,3600,0.14,0.18,1.3,5.39,60,16,5600,0.06,97.8,870,848,0.05,2.9,1270,2.05,900,0.03,18.4,7,85.2
119,TWI,591885,6668839,591.885,6668.839,SPRBIR,13,RAIN,504,S,GRAS,MAGM,13,0.12,7,117.1,3200,0.34,0.3,1.3,6.29,50,15,6500,0.2,97.8,800,979,0.05,5.9,1470,1.12,700,0.03,20.2,8,97.3
121,TWI,592250,6664455,592.25,6664.455,SPRBIR,14,MOIST,400,N,MOGR,MAGM,11,0.13,10,83.9,4700,0.23,0.22,1.3,6.72,50,14,5700,0.05,97.5,1100,468,0.06,1.4,1710,1.21,700,0.02,39.4,8,94.8
122,TWI,593299,6660953,593.299,6660.953,SPRBIR,14,NICE,340,S,BLUE,MAGM,29,0.12,9,114.1,3100,0.4,0.2,1.2,6.75,70,24,4800,0.14,97.9,810,1123,0.08,3,1370,2.37,600,0.05,27.3,9,99.9
123,TWI,593328,6657946,593.328,6657.946,SPRBIR,15,CLOUD,420,NW,BLLY,MAGM,14,0.18,9,12.2,3200,0.14,0.07,1.2,5.47,70,12,4800,0.08,98,730,869,0.05,1.7,820,3.19,600,0.05,8.2,6,99.9
124,TWI,595140,6656129,595.14,6656.129,BIRSPR,15,MOIST,290,SW,MOGR,MAGM,17,0.13,9,51.7,3800,0.34,0.09,1.2,6.18,90,15,6200,0.18,97.5,880,573,0.08,1.5,1090,0.94,600,0.04,19.9,9,89
125,TWI,598010,6652619,598.01,6652.619,SPRUCE,16,NICE,205,SE,MIX,MAGM,14,0.21,9,55.6,3300,0.32,0.08,1.4,7.56,70,17,7600,0.1,97.5,840,809,0.07,2.6,1160,1.63,700,0.07,13.5,8,108.5
126,TWI,597394,6653685,597.394,6653.685,SPRPIN,16,NICE,307,,BLUGRA,MAGM,13,0.16,12,37.9,3000,0.36,0.1,1.2,7.01,50,11,7200,0.06,97.5,990,1667,0.06,3.8,1520,0.95,700,0.04,12.5,8,111.4
127,TWI,592592,6645600,592.592,6645.6,SPRUCE,17,NICE,160,SE,GRAS,CAMSED,25,0.16,13,48.1,5600,0.89,0.6,1.4,8.52,180,17,6400,0.21,97.1,980,761,0.22,10.6,1380,2.11,900,0.18,41.6,17,145.2
128,TWI,593200,6642327,593.2,6642.327,BIRSPR,17,NICE,30,FLAT,GRAS,CAMSED,12,0.15,11,161.9,5000,0.19,0.31,1.3,7,100,15,6300,0.13,97.3,1010,472,0.07,7.1,1220,1,700,0.1,30.9,11,77.4
129,TWI,597751,6649203,597.751,6649.203,SPRBIR,18,MOIST,235,NW,GRAS,CAMSED,18,0.2,12,42.9,3800,0.32,0.2,1.3,7.23,120,16,7000,0.16,97.5,910,965,0.12,4.3,970,2.2,700,0.12,19,11,104.4
131,TWI,597503,6650780,597.503,6650.78,SPRUCE,18,MOIST,187,E,GRMO,MAGM,9,0.29,8,84.9,3300,0.3,0.08,1.3,5.68,70,11,6500,0.09,97.7,970,1012,0.05,2.5,1220,2.09,500,0.06,19.4,8,78.5
132,TWI,602548,6646851,602.548,6646.851,SPRPIN,19,NICE,230,S,MIX,CAMSED,15,0.58,12,87.8,5200,0.42,0.29,1.4,8.69,120,20,6100,0.17,97.2,970,417,0.1,6.6,1010,1.88,700,0.1,36.8,11,142.4
133,TWI,600209,6640474,600.209,6640.474,PINE,19,NICE,195,W,MOSS,GNEIS_O,11,0.57,12,64.4,4300,0.12,0.31,1.5,7,110,17,7300,0.13,97.3,1180,346,0.1,3.4,1660,1.13,1000,0.08,16.6,12,103.7
134,TWI,602583,6637390,602.583,6637.39,SPRBIR,20,NICE,110,NE,GRMO,GNEIS_O,17,0.25,11,67,5000,0.17,0.67,1.7,9.48,330,12,7500,0.45,96.7,1080,331,0.18,4.3,1650,1.24,1000,0.34,33.2,36,116.6
135,TWI,602264,6633965,602.264,6633.965,PINE,20,NICE,180,NE,MOSS,GNEIS_O,13,0.16,13,33.6,4700,0.16,0.14,1.4,5.6,110,13,5700,0.18,97.6,960,506,0.05,1.5,990,1.81,700,0.04,11.5,11,83.4
136,TWI,605115,6630922,605.115,6630.922,SPRUCE,21,MOIST,176,NE,GRMO,GNEIS_O,9,0.14,9,32,3000,0.14,0.26,1.4,4.96,60,7,5200,0.07,97.8,1050,811,0.03,2.5,1730,0.71,900,0.02,13.1,9,76.6
137,TWI,605674,6628925,605.674,6628.925,SPRPIN,22,CLOUD,194,S,GRMO,GNEID_O,11,0.19,10,33.3,3400,0.11,0.28,1.3,5.21,60,13,4800,0.1,97.9,1070,722,0.03,2.8,1620,1.69,900,0.04,16.1,8,78.5
138,TWI,608245,6625964,608.245,6625.964,SPRBIR,22,CLOUD,140,NW,GRAS,GNEIS_O,12,1.12,10,55.8,3600,0.21,0.15,1.3,5.6,50,12,6500,0.07,97.6,980,765,0.03,1.8,1320,1.05,900,0.02,18.3,7,75.8
139,TWI,605175,6614207,605.175,6614.207,SPRUCE,23,CLOUD,120,E,BLMOLI,GNEIS_O,15,0.23,11,19.2,3500,0.09,0.11,1.4,4.24,70,12,5400,0.09,97.8,1080,505,0.03,1.6,1360,0.95,1100,0.02,10.9,9,84.8
141,TWI,608279,6623043,608.279,6623.043,BIRSPR,23,CLOUD,175,W,GRBLU,GNEIS_O,15,0.28,10,94,4600,0.39,0.26,1.5,6.79,50,13,7100,0.07,97.6,880,583,0.04,1.7,1060,1.26,1300,0.02,25.1,6,85.1
142,TWI,609123,6618431,609.123,6618.431,PINE,24,NICE,180,SW,LYLI,GNEIS_O,16,0.36,11,46,3300,0.1,0.18,1.5,5.1,80,17,6800,0.11,97.6,1010,508,0.04,2.7,1340,1.27,1000,0.03,13.7,9,74.5
143,TWI,612533,6609356,612.533,6609.356,SPRUCE,24,NICE,150,FLAT,GRBLU,GNEIS_O,14,0.2,11,45.2,4000,0.19,0.11,1.4,4.82,50,12,5800,0.04,97.7,1060,613,0.02,1.5,1400,1.09,1000,0.02,15.8,7,78
144,TWI,607746,6603365,607.746,6603.365,SPRPIN,25,CLOUD,118,FLAT,MOGR,GNEIS_O,15,0.18,12,54.2,3900,0.1,0.24,1.6,5.98,80,17,4500,0.09,98,1100,378,0.04,2.6,1260,1.8,1100,0.05,21.3,10,71.1
